id,query,llm_answer,reference_answer,rouge_l_f1,semantic_similarity
1,What strategic benefits does the Sentara partnership bring to Infosys in the healthcare sector?,"The strategic partnership with Sentara brings several benefits to Infosys in the healthcare sector, including:

1. **Enhanced Efficiency**: The collaboration aims to improve operational efficiency within healthcare services, supporting clinicians and enhancing patient experiences.

2. **AI Integration**: Infosys will deploy its Topaz Fabric platform to help scale AI use cases from pilot programs to full production across Sentara's enterprise systems.

3. **Prioritization of High-Value Use Cases**: The partnership allows Sentara to focus on high-value AI initiatives, leading to the scaling of successful pilots and evolving AI capabilities across operations.

4. **Operationalization of AI**: Infosys aims to build a strong enterprise AI foundation that accelerates the operationalization of AI across hospital systems, resulting in real efficiency gains for patients, clinicians, and staff.

5. **Responsible AI Design**: The collaboration emphasizes responsible AI design and operational readiness, fostering trust in AI adoption within healthcare systems.

6. **Alignment with Strategic Goals**: It ensures that AI initiatives align with real-world healthcare priorities, enhancing care management and employee productivity.

7. **Value Delivery**: The partnership focuses on delivering measurable value across clinical, operational, and digital domains, which is crucial for maintaining a strong focus on patient and caregiver experience.","The Sentara partnership helps Infosys strengthen its healthcare AI position by applying its AI-first consulting and technology services to a major not-for-profit health system. It enables Infosys to demonstrate scalable enterprise AI adoption in healthcare through Infosys Topaz Fabric, spanning architecture, governance, AI-first delivery models, IT, hospital operations, clinical support, care management, employee productivity, and digital front-office experiences. The collaboration also supports Infosys’ goal of delivering measurable clinical, operational, and digital value through responsible AI adoption at scale.",0.19354838709677416,0.8891479969024658
2,How is Infosys using Topaz Fabric to accelerate AI adoption for enterprise customers?,"Infosys is using Topaz Fabric to accelerate AI adoption for enterprise customers by providing a purpose-built agentic services suite that unifies infrastructure, models, data, applications, and workflows into a composable, agent-ready ecosystem. This enables organizations to optimize existing IT processes and eliminate or automate manual tasks. The fabric focuses on five key areas to facilitate rapid AI adoption without disrupting existing organizational practices:

1. Building multilayer AI capability that orchestrates infrastructure models, data applications, and workflows together.
2. Providing prepackaged journeys and agentic service suites that align with service offerings for faster value delivery.
3. Integrating enterprise application adapters to work effectively with both modern and legacy applications.
4. Creating an enterprise knowledge fabric that combines organizational data with deep tribal knowledge for contextual functionality.
5. Implementing hybrid intelligence by combining frontier large language models with specialized small language models.

By focusing on orchestration instead of replacement, Infosys ensures that clients can continue using their existing technology choices while moving towards a more AI-integrated approach.","Infosys is using Topaz Fabric as a purpose-built agentic services suite to unify infrastructure, models, data, applications, and workflows into a composable, agent-ready ecosystem. For enterprise customers such as Sentara, it supports AI strategy and road-mapping, reference architectures, AI-first SDLC modernization, governance for scaling, responsible AI design, enterprise guardrails, and operational readiness. This helps move AI from experimentation to production, prioritize high-value use cases, scale successful pilots, and embed AI across core hospital, enterprise, business operations, and IT workflows.",0.25396825396825395,0.8371766805648804
3,What impact is the acquisition of Optimum Healthcare IT expected to have on Infosys' healthcare business?,"The acquisition of Optimum Healthcare IT is expected to significantly enhance Infosys' presence in the provider segment by adding new clients and relationships, expanding technology capabilities, and creating synergies across new buying centers. It will bring specialized provider-focused capabilities, including health record advisory, implementation, and support, further strengthening Infosys' healthcare portfolio. Together with Optimum Healthcare IT, Infosys aims to unlock AI-powered, large-scale cloud and data transformation initiatives for healthcare providers, supporting improved patient experiences through data-driven, personalized care while driving greater operational efficiency and cost optimization.","The acquisition is expected to strengthen Infosys’ healthcare capabilities, significantly enhance its presence in the provider segment, add new clients and relationships, expand technology capabilities, and create synergies across new buying centers. By combining Optimum’s provider expertise with Infosys Topaz and Infosys Cobalt, Infosys aims to accelerate end-to-end cloud, data, and digital transformation for healthcare providers at scale.",0.5033112582781457,0.8419762849807739
4,What ERP transformation work is Infosys carrying out for IHH Healthcare?,"Infosys is carrying out a multi-year, enterprise-wide ERP transformation program for IHH Healthcare. This transformation will help unify operations, optimize processes, and enable a future-ready healthcare enterprise. The collaboration will standardize and harmonize business processes across IHH's markets, starting with Hong Kong, Malaysia, and Singapore, and help streamline operations, enhance agility and scalability, optimize costs, and strengthen regulatory compliance. Additionally, Infosys will help consolidate IHH's legacy ERP landscape by integrating critical functions such as finance, procurement, supply chain, human capital management, and enterprise performance management. This transformation aims to provide IHH with enhanced real-time data visibility and decision intelligence for faster, insight-led decision-making.","Infosys is carrying out a multi-year, enterprise-wide, AI-powered ERP transformation for IHH Healthcare. The work includes standardizing and harmonizing business processes across IHH’s markets, starting with Hong Kong, Malaysia, and Singapore; consolidating legacy, siloed ERP systems; and integrating finance, procurement, supply chain, human capital management, and enterprise performance management. Powered by Infosys Topaz, the program is intended to embed AI into core workflows, improve real-time data visibility and decision intelligence, streamline operations, increase agility and scalability, optimize costs, and strengthen regulatory compliance.",0.5454545454545455,0.9084664583206177
5,Why was Infosys recognized as a Leader in Everest Group's Adobe Services PEAK Matrix assessment?,"Infosys was recognized as a Leader and Star Performer in Everest Group's Adobe Services PEAK Matrix® Assessment 2025 for its remarkable growth, delivery excellence, and client impact within the global Adobe services ecosystem. The assessment highlighted Infosys' ability to deliver large-scale, complex, and end-to-end Adobe programs, supported by advisory depth, global delivery networks, certified talent pools, and broad product specializations. Additionally, Infosys' collaboration with Adobe to drive AI-first marketing transformation contributed to this recognition.","Infosys was recognized as a Leader and Star Performer for its remarkable growth, delivery excellence, and client impact in the global Adobe services ecosystem. It demonstrated robust market adoption, visible growth in Adobe services revenue, expanded client traction across North America and Europe, and the ability to deliver large-scale, complex, end-to-end Adobe programs supported by advisory depth, global delivery networks, certified talent pools, and broad product specializations. Its AI-amplified marketing suite, Infosys Aster, was also highlighted for excellence in capability, innovation, and client impact.",0.6107784431137726,0.8299440145492554
6,What services will Infosys provide under its expanded partnership with GlobalFoundries?,"Infosys will manage GlobalFoundries' end-to-end application, infrastructure, data, and service desk operations under its expanded partnership.","Infosys will deliver AI-led managed services across GlobalFoundries’ enterprise IT landscape, managing end-to-end application, infrastructure, data, and service desk operations.",0.6829268292682927,0.7611709833145142
7,How is Infosys helping DNB modernize its financial crime management platform?,"Infosys is helping DNB modernize its financial crime management platform by expanding its strategic collaboration to transform fragmented, legacy systems into a unified, intelligence-driven, cloud-native platform using the NICE Actimize X-Sight Enterprise platform. This engagement involves systems integration, enterprise architecture design, platform integration, and data migration. Infosys will consolidate key functions such as customer and payment screening, customer due diligence, and transaction and fraud monitoring onto a single, scalable SaaS platform with unified enterprise case management. By implementing AI-driven capabilities, Infosys aims to enhance risk insights, improve detection accuracy, and strengthen multi-jurisdiction regulatory compliance for DNB.","Infosys is helping DNB modernize its financial crime management platform by transforming fragmented legacy systems into a unified, intelligence-driven, cloud-native platform using NICE Actimize X-Sight Enterprise. As systems integration partner, Infosys will lead enterprise architecture design, platform integration, and data migration, consolidating customer and payment screening, customer due diligence, transaction monitoring, fraud monitoring, and enterprise case management onto a single scalable SaaS platform. The modernization is intended to improve risk insights, detection accuracy, multi-jurisdiction regulatory compliance, automation, investigations, and response time to regulatory demands.",0.6878306878306879,0.9586433172225952
8,"What exactly is Infosys Topaz Fabric, and what business problems is it designed to solve?","Infosys Topaz Fabric is a purpose-built agentic services suite that serves as a foundational enabler for the new generation of AI-native services. It unifies multilayer AI capabilities across infrastructure, AI models, enterprise data, applications, and workflows, creating a composable, agent-ready ecosystem. 

The primary business problems Infosys Topaz Fabric is designed to solve include:
- Driving rapid AI adoption and value realization across enterprises.
- Delivering services with greater resilience.
- Enabling speed of change across both greenfield and Bluefield transformations.
- Optimizing existing IT processes and eliminating or automating manual tasks.
- Ensuring interoperability with leading AI tools and avoiding vendor lock-in. 

By providing prepackaged journeys and agentic service suites, it facilitates faster and more consistent value delivery while ensuring the integration of both modern and legacy applications.","Infosys Topaz Fabric is a layered, composable, open, and interoperable stack of data infrastructure, models, agents, flows, and AI apps for enterprise IT service delivery. It provides integrated and modular services-as-software through a one-shop model, with 50+ purpose-built IT operations agents and out-of-the-box integration with 9 enterprise platforms.

It is designed to help enterprises unify and accelerate IT service delivery, reimagine IT processes, build on existing IT investments, avoid vendor lock-ins, and accelerate value from enterprise AI transformation programs. It supports IT operations, transformation services, quality engineering, and cybersecurity, using AI agents with humans in the loop to automate or eliminate tasks, augment human work, improve speed and accuracy, strengthen resilience, increase automation for application and infrastructure support, and improve user experience.",0.22568093385214008,0.8919781446456909
9,"What was the issue behind the DGGI GST notice received by Infosys, and how did the company respond?","The issue behind the DGGI GST notice received by Infosys was regarding alleged ineligible ITC refunds, with the DGGI claiming that the services provided by the Company's overseas branches are not export of services, making the refund claimed allegedly erroneous. 

In response, the Company provided the relevant information to DGGI, sought additional information and time to respond to a pre-show cause notice, and subsequently received a show cause notice for Rs 414.88 crores excluding interest and penalties. The Company assessed the merits of the notice, sought advice from external tax consultants and legal counsels, and filed a Writ Petition in the Hon'ble High Court of Karnataka on 19th September 2025 challenging the legitimacy of the show cause notice. There is currently no tax demand against the Company regarding this matter.","DGGI alleged that services provided by Infosys’s overseas branches were not exports of services, making the company’s GST refund claim allegedly erroneous. The show cause notice was for Rs 414.88 crore, excluding interest and penalties.

Infosys said it had provided relevant information, met DGGI officials, sought additional documents and time after the pre-show cause notice, and later filed a writ petition in the Karnataka High Court on 19 September 2025 challenging the legitimacy of the show cause notice. It also stated that there was no tax demand against the company as of the statement date and reiterated its GST compliance.",0.5126050420168067,0.9011260271072388
10,What new capabilities does the Living Labs center in Hubballi add to Infosys' delivery network?,I could not find this information in the provided documents.,"It adds advanced digital delivery capabilities in AI, cloud computing, cybersecurity, engineering services, SAP, and space technology, with an AI-first Living Labs setup to help global clients accelerate innovation, future-proof their businesses, and transform industries across manufacturing, financial services, retail, and healthcare.",0.037037037037037035,0.04635439068078995
11,How does Infosys describe its AI strategy and its transition from AI experimentation to enterprise-scale AI adoption?,"Infosys describes its AI strategy as a two-pronged approach focusing on capturing new demand for AI-first services across six value pools and augmenting existing services with AI to expand wallet share. The company aims to help global enterprises unlock AI value at scale through its industry-leading generative and agentic AI suite, Infosys Topaz™.

In transitioning from AI experimentation to enterprise-scale AI adoption, Infosys emphasizes the importance of establishing a unified, enterprise-wide AI operating model. This involves designing and implementing tailored AI strategies, preparing data for AI model readiness, transforming core business processes, modernizing legacy systems, designing intelligent products, and ensuring responsible, secure, and ethical AI practices. Infosys also leverages its purpose-built, composable, and open agentic services suite, Infosys Topaz Fabric™, to operationalize AI across its internal processes and client engagements, unlocking AI value at scale.","Infosys describes its AI strategy as an AI-first approach focused on moving enterprises from pilots and possibilities to measurable business outcomes at scale. It says AI must become the “operating substrate” of the enterprise, shaping decisions, workflows, customer trust, and regulatory confidence.

Its strategy centers on the Infosys AI First Value Framework, powered by Infosys Topaz, its generative and agentic AI suite, and Infosys Topaz Fabric, its agentic services suite. Infosys says enterprise-scale AI adoption requires trusted data, reimagined core processes, domain-aware agents working with people, AI-led modernization of legacy systems, edge intelligence and digital twins, and responsible, secure, ethical AI aligned with regulation.

Infosys says it is collaborating with 90% of its top 200 clients on AI journeys, has more than 4,600 AI projects underway, and has developed over 30 new service offerings across six value pools. It positions its role as helping enterprises unlock AI value measurably, responsibly, and at scale, rather than merely deploying technology.",0.3289473684210526,0.9327388405799866
12,"What business outcomes did Infosys deliver for clients like Liberty Global, Hertz, Microsoft, and Mondelēz using AI?","Infosys delivered the following business outcomes for its clients using AI:

1. **Liberty Global**: 
   - Achieved 50% fewer outages year on year.
   - Reduced the number of customers impacted by outages by 60%.
   - Improved customer experience and operational performance through AI-enabled solutions like Super Search and Agent Assist.

2. **Hertz**:
   - Modernized critical workflows 60% faster, with improved platform agility and resilience.
   - Enabled higher transaction volumes and quicker responses to evolving business needs through an AI-first code engineering approach.

3. **Microsoft**:
   - Improved critical incident response times by 33%, reducing engagement from 15 to under 10 minutes.
   - Decreased the time required to create root cause analysis (RCA) by 40%, from five days to one day.
   - Enhanced service quality, ensuring over 90% of critical cases received top boxed ratings.

4. **Mondelēz**:
   - Established an end-to-end traceability reporting capability that integrates real-time data for food safety and compliance.
   - Positioned the company to efficiently manage thousands of suppliers and streamline regulatory audits with a centralized traceability portal.","Infosys delivered measurable AI-led outcomes across these clients:

- Liberty Global: supported more than 1,000 platform deliveries, enabled AI solutions for around 8 million TV customers, improved self-service and customer care, reduced outages by 50% year on year, and reduced impacted customers by 60%.
- Hertz: analyzed nearly three million lines of legacy COBOL code, accelerated modernization timelines by 60%, reduced technical debt and hosting costs, improved platform agility, scalability, and resilience, and created a scalable foundation for further modernization and automation.
- Microsoft: improved critical incident response times by 33%, reduced engagement time from 15 minutes to under 10 minutes, cut root cause analysis turnaround by 40% from five days to one day, improved workload resiliency through proactive AI insights, and achieved top-box ratings for over 90% of critical cases.
- Mondelēz International: implemented enterprise-wide traceability at scale, connecting more than 50 suppliers, capturing over 0.5 million events per day, integrating more than 220 plants and distribution centers, mapping more than 150 raw-to-finished-goods processes, accelerating FSMA compliance reporting, and strengthening food safety readiness, compliance reliability, and customer trust.",0.36000000000000004,0.8814727663993835
13,"What are the six capitals used by Infosys in its Integrated Annual Report, and why are they important?",I could not find this information in the provided documents.,"Infosys uses six capitals: Financial Capital, Natural Capital, Human Capital, Manufactured Capital, Intellectual Capital, and Social and Relationship Capital.

They are important because they provide a holistic view of how Infosys creates and preserves short-, medium-, and long-term value. They are inter-dependent and mutually beneficial, creating synergy across the organization, while Infosys’ strategy, ESG vision, and ambitions channel inputs through these capitals into impactful outputs and outcomes for stakeholders.",0.02469135802469136,0.006482752971351147
14,"What are the biggest AI-related risks identified by Infosys, and how does the company plan to mitigate them?","The biggest AI-related risks identified by Infosys include:

- Privacy violations
- Ethical violations
- Bias or discrimination
- Regulatory non-compliance
- Inaccurate or harmful predictions

To mitigate these risks, Infosys recommends the following actions:

1. **Learn from the leaders**: Study the practices of high-maturity Responsible AI (RAI) organizations to develop robust governance.
2. **Blend product agility with platform governance**: Combine decentralized product innovation with centralized RAI guardrails and oversight.
3. **Embed RAI guardrails into secure AI platforms**: Use platform-based environments for AI agents to operate within preapproved data and systems.
4. **Establish a proactive RAI office**: Create a centralized function to monitor risk, set policy, and scale governance.

Additionally, Infosys emphasizes the need for organizations to proactively shift their approach to RAI from a reactive compliance obligation to a strategic advantage.","Infosys identifies the biggest AI-related risk as failure to transform existing services using AI and/or scale new AI-first service offerings to meet evolving customer needs. This could reduce win rates, market share, revenue, and profits.

Infosys plans to mitigate this by:
- Differentiating services through constant innovation and AI-led industry solutions.
- Continuing investments to identify, incubate, develop, and launch innovative AI-first offerings.
- Implementing proactive measures to identify and mitigate operational issues.
- Implementing an AI talent transformation strategy to build an ambidextrous organization.
- Building deep AI engineering expertise.",0.16216216216216217,0.6991870403289795
15,How could Global Capability Centers (GCCs) affect Infosys' future growth and profitability?,I could not find this information in the provided documents.,"GCCs could reduce Infosys’ future addressable market share if customers insource work or establish or expand their own Global Capability Centers for services Infosys provides. This could negatively affect Infosys’ overall growth and profitability. Infosys sees mitigation and opportunity through collaboration, co-creation, scaling a GCC practice for models such as assisted GCC build, build-operate-transfer, and captive carveouts, and using an AI-first model to transform GCCs into innovation hubs.",0.048780487804878044,0.009089285507798195
16,What cybersecurity and data privacy risks does Infosys highlight in its annual report?,I could not find this information in the provided documents.,"Infosys highlights the risk that rapidly evolving cyber threats may outpace its threat detection and prevention measures, including new, modified, or evolving threats to its solutions and product offerings. Cyber attacks that breach its information network, or failure to protect stakeholders’ sensitive and confidential information in line with laws and contractual obligations, could adversely affect operations and client satisfaction and lead to significant regulatory penalties.

For data protection and privacy, Infosys highlights the risk that failure to protect stakeholders’ personal and sensitive information in accordance with applicable laws may affect operations or result in significant regulatory penalties.",0.056074766355140186,0.04198303446173668
17,What did Infosys report about client demand for AI advisory and AI transformation services?,I could not find this information in the provided documents.,"Infosys reported that clients increasingly recognize proactive AI, automation, and strategic technology advisory as value drivers. Clients expect forward-looking, business-led AI advisory to help evolve AI roadmaps, identify high-value use cases, and deliver scalable business outcomes, and Infosys is viewed positively in this context.",0.03508771929824561,-0.058708399534225464
18,What were the major financial highlights of Infosys for FY2026?,"For the year ended March 31, 2026, the major financial highlights of Infosys are as follows:

- Revenues in constant currency (CC) terms grew by 3.1% YoY.
- Reported revenues at ₹ 178,650 crore, growth of 9.6% YoY.
- Reported IFRS operating margin at 20.3%; adjusted operating margin at 21.0%.
- Basic EPS at ₹ 71.58, an increase of 11.0% YoY.
- Free Cash Flow (FCF) at ₹ 33,097 crore, with FCF conversion at 112.3% of net profit.","For FY2026, Infosys reported consolidated revenue from operations of ₹1,78,650 crore, up 9.6% YoY, and standalone revenue of ₹1,48,819 crore, up 9.0% YoY. Consolidated profit after tax was ₹29,474 crore, up 10.2%, while standalone profit after tax was ₹29,211 crore, up 14.2%. Consolidated basic EPS was ₹71.58, up 11.0%, and diluted EPS was ₹71.46, up 11.1%.

As of March 31, 2026, Infosys had consolidated total assets of ₹1,55,967 crore and total equity of ₹93,297 crore. Working capital stood at ₹40,794 crore on a standalone basis and ₹51,167 crore on a consolidated basis. Cash and investments were ₹28,662 crore standalone and ₹43,075 crore consolidated. The company remained debt-free.

Infosys completed a buyback of 10 crore equity shares at ₹1,800 per share, with a cash outflow of ₹18,000 crore excluding transaction costs. It paid an interim dividend of ₹23 per share and announced a final dividend of ₹25 per share, taking total FY2026 dividend to ₹48 per share. Including dividends and buyback, the payout ratio was 113.9%.",0.14869888475836432,0.764203667640686
19,"What dividend did Infosys declare for FY2026, and what capital allocation approach does it follow?","Infosys declared an interim dividend of ₹23 per equity share and a final dividend of ₹25 per equity share for FY2026. 

Effective from fiscal 2025, the Company expects to continue its policy of returning approximately 85% of the free cash flow cumulatively over a five-year period through a combination of semi-annual dividends and/or share buyback/special dividends, subject to applicable laws and requisite approvals.","Infosys declared an interim dividend of ₹23 per equity share and announced a final dividend of ₹25 per share for FY2026, totaling ₹48 per share.

Its capital allocation policy is to return approximately 85% of free cash flow cumulatively over a five-year period through semi-annual dividends and/or share buybacks or special dividends, while progressively increasing annual dividend per share excluding any special dividend.",0.6766917293233083,0.9477728605270386
20,What are the four pillars of Infosys' long-term corporate strategy?,I could not find this information in the provided documents.,"The four pillars of Infosys' long-term corporate strategy are: Scale Agile Digital, Energize the Core, Reskill our People, and Expand Localization.",0.06250000000000001,-0.022850409150123596
21,How does Infosys define its AI-first strategy and Responsible AI framework?,I could not find this information in the provided documents.,"Infosys defines its AI-first strategy as helping clients ideate, plan, and execute their journey to an AI future by building strong data foundations with robust cloud capabilities. It says it is reimagining itself as an AI-first organization and uses AI across digital transformation, enterprise AI adoption, automation, cloud, application development, and industry-specific solutions.

Its Responsible AI framework focuses on safeguards around privacy, ethics, and controls. Infosys says it is evangelizing Responsible AI practices within the Group and across the industry, and it has implemented an Artificial Intelligence Management System framework aligned with ISO 42001:2023 to support Responsible AI practices, regulatory adherence, efficiency, and accountability.",0.01694915254237288,0.06325973570346832
22,What consulting and digital transformation capabilities does Infosys consider its key strengths?,"Infosys considers the following consulting and digital transformation capabilities as its key strengths:

1. **Enterprise AI solutions**: Leveraging next-generation technologies to solve critical business challenges, enabling smart automation, efficiency, and growth.
2. **Digital platforms**: Transforming enterprise operations through leading platforms such as SAP, Oracle, and Salesforce, from design to implementation and management.
3. **Technology transformation**: Bridging business and IT through strategic visioning, enterprise architecture, cloud enablement, cybersecurity, M&A integration, and modern operating models.
4. **Workforce transformation**: Addressing the human factors of change to ensure successful adoption and long-term value through learning, communication, and organizational design.

Additionally, Infosys integrates business strategy, technology vision, and human-centered change to deliver end-to-end transformation, enhancing agility and competitiveness for clients.","Infosys identifies its key strengths as end-to-end consulting and digital transformation capabilities, including enterprise AI solutions, digital platforms such as SAP, Oracle, and Salesforce, technology transformation, and workforce transformation. It also highlights strengths in cloud advisory and cloud adoption, data and analytics, AI and automation, product engineering, cybersecurity, human experience, digital design and experience, application development, quality engineering, infrastructure management, enterprise application implementation, support and integration services, and business process management.",0.29896907216494845,0.8902597427368164
23,What is Infosys' capital allocation policy beginning FY2025?,"As per Infosys' capital allocation policy, effective fiscal 2025, the Company expects to continue its policy of returning approximately 85% of the free cash flow cumulatively over a 5-year period through a combination of semi-annual dividends and/or share buyback/special dividends, subject to applicable laws and requisite approvals, if any. Under this policy, the Company expects to progressively increase its annual dividend per share (excluding special dividends, if any).","Beginning FY2025, Infosys expects to return approximately 85% of free cash flow cumulatively over a five-year period through semi-annual dividends and/or share buybacks/special dividends, subject to applicable laws and required approvals. Under this policy, Infosys expects to progressively increase its annual dividend per share, excluding any special dividend.",0.7419354838709676,0.8548451662063599
24,What were the key details of Infosys' 2025 share buyback?,"The key details of Infosys' 2025 share buyback are as follows:

- **Buyback Price**: ₹1,800 per equity share.
- **Aggregate Buyback Offer Size**: Up to ₹18,000 crore.
- **Total Shares Proposed to be Bought Back**: Up to 10,00,00,000 fully paid-up equity shares, representing 2.41% of the total number of equity shares in the existing total paid-up equity share capital.
- **Eligibility**: All equity shareholders of the Company as of the record date will be eligible to participate in the buyback, but holders of ADSs must cancel their ADSs and withdraw the underlying equity shares prior to the record date to participate.
- **Record Date**: November 14, 2025.
- **Small Shareholder Reservation**: 15% of the number of equity shares proposed to be bought back is reserved for small shareholders, defined as those holding equity shares having a market value of not more than ₹2,00,000.
- **Regulatory Compliance**: The buyback is subject to regulatory approvals and has received exemptive relief from the U.S. Securities and Exchange Commission due to conflicting regulatory requirements between Indian and U.S. laws.
- **Tax Implications**: Participants will be subject to tax on the consideration received from the buyback as per applicable Indian income tax laws.","Infosys’ 2025 share buyback was approved by the Board on September 11, 2025, under its capital allocation policy. It was a tender offer through Indian stock exchanges for up to ₹18,000 crore at a price not exceeding ₹1,800 per share, subject to shareholder approval.

Shareholders approved it by postal ballot e-voting, with results declared on November 4, 2025. The offer was open to all equity shareholders except ADS holders. The tendering period began on November 20, 2025, and was completed on November 26, 2025.

Infosys purchased and extinguished 100,000,000 equity shares, representing 2.41% of its pre-buyback paid-up equity share capital. The buyback resulted in a cash outflow of ₹18,000 crore, approximately $2,000 million, excluding transaction costs and buyback tax. It was funded from free reserves, including securities premium. As of March 31, 2026, Infosys created a Capital Redemption Reserve of ₹50 crore, approximately $6 million, equal to the nominal value of the shares bought back.",0.20163487738419617,0.8450930118560791
25,Where are Infosys equity shares and ADRs listed?,"Infosys equity shares and ADRs are listed on the NSE and BSE in India and on the NYSE, respectively, under the symbol 'INFY'.",Infosys equity shares are traded in India on the BSE and NSE. Its ADSs/ADRs are listed on the New York Stock Exchange under the ticker symbol “INFY.”,0.5490196078431373,0.9490553140640259
26,"How many employees did Infosys have at the end of FY2026, and what does the workforce composition look like?",I could not find this information in the provided documents.,"At the end of FY2026, Infosys had 3,52,095 total employees: 3,28,594 permanent employees and 23,501 other-than-permanent employees. The workforce was 61.9% male and 38.1% female, with 2,17,818 male employees and 1,34,277 female employees. Permanent employees were 60.5% male and 39.5% female, while other-than-permanent employees were 80.2% male and 19.8% female. Infosys also reported 1,075 differently-abled employees, comprising 803 male employees and 272 female employees.",0.021052631578947368,0.1664191335439682
27,What percentage of Infosys' revenue comes from exports?,I could not find this information in the provided documents.,97.40% of Infosys’ total turnover comes from exports.,0.0,0.2384033203125
28,What employee turnover trends has Infosys reported over the past three years?,I could not find this information in the provided documents.,"Infosys reported permanent employee turnover of 12.6% in fiscal 2026, down from 14.1% in fiscal 2025 and the same as 12.6% in fiscal 2024. Male turnover was 13.2% in fiscal 2026, 14.5% in fiscal 2025, and 12.6% in fiscal 2024. Female turnover was 11.6% in fiscal 2026, 13.6% in fiscal 2025, and 12.5% in fiscal 2024.",0.05333333333333334,0.22889472544193268
29,What grievance redressal and employee well-being mechanisms does Infosys provide?,I could not find this information in the provided documents.,"Infosys provides grievance redressal through resolution hubs under an open-door policy, with forums where employees can raise workplace concerns. These hubs follow natural justice, confidentiality, sensitivity, non-retaliation and fairness, using investigations, timely action, closure, and opportunities for parties to present facts and evidence.

Key mechanisms include HEAR, an independent employee grievance resolution forum for workplace grievances unresolved at the Unit HR or Manager level. HEAR provides multiple layers of redressal with an appeal mechanism, neutral panel reviews, decentralized presence across businesses, units, geographies and affiliates, and review of anonymous concerns with the Whistleblower Office.

Infosys also provides ASHI, its enterprise-wide Anti Sexual Harassment Initiative, to prevent, prohibit and redress workplace sexual harassment. ASHI is gender-neutral, employee-centric and globally consistent, with zero tolerance for harassment and non-retaliation for those raising concerns. It uses a Grievance Redressal Body, an Internal Complaints Committee framework, Internal Committees where required under POSH, multiple safe reporting channels, awareness and enablement, monitoring and analytics. Employees can report through the ASHI web application, the InfyMe app, or by writing to GRB.

Other mechanisms include a Whistleblower Policy for reporting genuine concerns, including anonymous reporting, and review of workplace policy or process deviations with Employee Relations. Infosys also supports employee well-being through a positive, equal opportunity, discrimination- and harassment-free workplace; hybrid work flexibility; recognition and rewards; diversity, equity and inclusion; the Behavior Matters campaign promoting respect and positive behavior; and safety and conduct training for third-party personnel on its campuses.",0.015384615384615384,0.17555955052375793
30,What learning and upskilling programs does Infosys offer its employees?,"Infosys offers several learning and upskilling programs, including:

1. **Foundation Training Program**: This program enables newly onboarded entry-level hires to transform into corporate professionals, covering over 40 technology streams. Generative AI and prompt engineering courses have been introduced as part of this training.

2. **Continuous Education Program**: Aimed at reskilling/upskilling existing employees, it provides online self-learning, instructor-led virtual training, and in-person classroom training opportunities. Bridge programs help employees switch to new career fields while retaining them within the organization.

3. **Lex**: An in-house learning platform that offers over 40,000 curated courses, with significant usage by employees for continuous learning.

4. **Infosys Springboard**: A platform supporting various learning initiatives with a dedicated team collaborating globally with curriculum partners and educational institutions.

5. **Training Statistics**: In fiscal 2026, 81.8% of the workforce trained with an average of 113 annual employee learning hours, and 84% of the workforce is now AI-aware, reflecting strong progress in future-ready skills. 

These programs focus on developing essential skills to ensure that employees are equipped to handle evolving industry demands.","Infosys offers several employee learning and upskilling programs, including:

- Foundation Training Program for newly onboarded entry-level hires, covering 40+ technology streams, with generative AI and prompt engineering courses.
- Continuous Education Program for reskilling and upskilling existing employees in next-generation digital technologies, methodologies, and gen AI technologies.
- Online self-learning, instructor-led virtual training, and in-person classroom training opportunities.
- Bridge programs that provide training and internship opportunities for employees to switch to new career fields within the organization.
- Lex, Infosys’ in-house learning platform, offering 40,000+ curated courses, including 30,000+ courses from vendor partners.
- Leadership development programs to maintain a deep and diverse internal leadership pipeline.",0.4794520547945205,0.8946396112442017
31,What innovations and technologies are included under Infosys Topaz Fabric?,"Infosys Topaz Fabric includes the following innovations and technologies:

1. Multilayer AI capability to enable infrastructure models, data applications, and workflows to be orchestrated together.
2. Prepackaged journeys and agentic service suites aligned with service offerings for faster and consistent value delivery.
3. Enterprise application adapters and Media Transfer Protocol (MTP) servers for integration of modern and legacy applications within the agentic environment.
4. An enterprise knowledge fabric that combines structured organizational data with deep tribal knowledge.
5. Hybrid intelligence by combining frontier large language models (LLMs) with specialized small language models to support the service ecosystem.

These features aim to drive client value, rapid AI adoption, and enhanced service delivery.","Infosys Topaz Fabric includes composable and interoperable AI agents, tools, services, and models. It covers consulting, engineering, and operations capabilities, using AI-powered insights, structured frameworks, modern architectures, intelligent automation, AI-driven execution, AI-driven monitoring, real-time intelligence, self-healing capabilities, and predictive insights to optimize IT processes, automate manual tasks, and operationalize AI at enterprise scale.",0.16568047337278108,0.7527725696563721
32,What acquisitions and strategic investments did Infosys complete during FY2026?,I could not find this information in the provided documents.,"During FY2026, Infosys completed two business combinations, acquiring 100% interests in:

1. MRE Consulting Ltd., an Energy and business consulting services company headquartered in Texas, U.S., on April 30, 2025.
2. The Missing Link Group, a Cybersecurity services provider headquartered in Australia, on April 30, 2025.",0.10526315789473684,0.18982115387916565
33,"How is the Infosys Board structured, and what committees oversee corporate governance?","As of April 23, 2026, the Infosys Board comprises ten members, which includes a non-executive and non-independent Chairman, a Chief Executive Officer and Managing Director (CEO & MD), and eight independent directors. The Board embraces diversity, leveraging differences in thought, perspective, regional and industry experience, and other domains to retain its competitive advantage.

The Board has six committees that oversee corporate governance:
1. Audit Committee
2. Nomination and Remuneration Committee
3. Stakeholders Relationship Committee
4. Risk Management Committee
5. Corporate Social Responsibility (CSR) Committee
6. ESG Committee

All committees consist solely of independent directors, with one independent director serving as the chairperson of each committee. Additionally, there is a Cybersecurity Risk Sub-committee under the Risk Management Committee, which also comprises only independent directors.","As of March 31, 2026, the Infosys Board had nine members: one executive director, one non-executive and non-independent director, and seven independent directors. Two of the independent directors were women.

The Board had six committees overseeing governance: the Audit Committee, Corporate Social Responsibility Committee, Nomination and Remuneration Committee, Risk Management Committee, Stakeholders Relationship Committee, and Environment, Social and Governance (ESG) Committee. All committees comprised only independent directors, with one independent director chosen as chairperson. A Cybersecurity Risk Sub-Committee of the Risk Management Committee was also constituted, comprising only independent directors and chaired by one of them.",0.5267857142857142,0.9162704944610596
34,What are the main responsibilities of Infosys' ESG Committee?,"The main responsibilities of Infosys' ESG Committee are:

1. To guide the creation and periodic refresh of the ESG Vision and Ambitions of the Company and continuously take into updates on the ESG vision and goals thereon.
2. Review the operation of ESG Council and its working. The Committee may form and delegate authority to sub-committees as and when appropriate.
3. To ensure that the Company implements appropriate measures to advance its ESG objectives and shall have access to all internal information necessary to fulfill its duties.
4. To overview periodic ESG disclosures and communications, including the annual report sections, ESG reports, Business Responsibility and Sustainability Reporting (BRSR) filings.
5. Obtain advice and assistance from internal or external experts, advisors.
6. To report to the Board on a periodic basis on the matters reviewed and decisions/recommendations made.","Infosys' ESG Committee is responsible for guiding and periodically refreshing the company's ESG vision and ambitions, reviewing the operation of the ESG Council, ensuring implementation of measures to advance ESG objectives, overseeing periodic ESG disclosures and communications including annual report sections, ESG reports and BRSR filings, obtaining advice from internal or external experts and advisors, and reporting periodically to the Board on reviewed matters and decisions or recommendations.",0.5384615384615385,0.8904283046722412
35,How much did Infosys spend on CSR activities during FY2026?,I could not find this information in the provided documents.,"Infosys spent ₹558.04 crore on various CSR projects during FY2026. It also spent ₹9.21 crore on ongoing projects from fiscals 2023, 2024, and 2025, and ₹43.03 crore outside India.",0.0,0.18845213949680328
36,What environmental sustainability initiatives did Infosys undertake during FY2026?,"Infosys undertook several environmental sustainability initiatives during FY2026 as part of its commitment to climate positivity, including:

1. **Carbon Neutrality**: Achieved carbon neutrality for the seventh consecutive year.
2. **Renewable Energy**: Installed 62.42 MWp of solar photovoltaic capacity through a mix of rooftop- and ground-mounted systems, achieving 81.8% of its energy from renewable sources in India operations.
3. **Agroforestry Program**: Planted approximately 14 million saplings through its agroforestry program, benefiting over 300,000 rural families.
4. **Wastewater Recycling**: Achieved 100% wastewater recycling across its campuses.
5. **Decarbonizing Supply Chain**: Engaged with suppliers to enhance emissions measurement and implement decarbonization roadmaps.
6. **Carbon Offsets**: Implemented community-centric carbon offset programs, including clean cookstove initiatives and biogas projects.
7. **Water Stewardship**: Focused on minimizing freshwater withdrawal and maximizing reuse, with efforts in lake rejuvenation to increase local water ecosystems.
8. **Waste Management**: Continued its strategy towards zero waste to landfill, emphasizing reduce, reuse, refurbish, repurpose, and recycle.

These initiatives reflect Infosys' holistic and proactive approach to environmental stewardship and sustainability.","During FY2026, Infosys undertook several environmental sustainability initiatives: it remained carbon neutral across Scope 1, 2, and 3 emissions; improved energy efficiency through super-efficient buildings, smart building systems, operational optimization, and retrofits; completed lighting and air-conditioning retrofit projects that saved 2.04 lakh kWh and reduced emissions by 145 tCO2e; installed 62.42 MWp of solar PV capacity and avoided 1.24 lakh kWh; achieved 81.8% renewable electricity consumption in India operations through captive solar, power purchase agreements, and green tariff mechanisms; implemented Zero Liquid Discharge practices through in-house sewage treatment plants at 100% of owned India campuses; reused treated wastewater for irrigation, HVAC systems, and flushing; procured third-party greywater for non-potable uses; applied the 5R waste strategy of refuse, reduce, reuse, refurbish/repurpose, and recycle; kept 99% of disposed waste out of landfills; worked toward a 2030 zero-waste-to-landfill goal; and achieved TRUE Zero Waste Certification at 46% of owned campuses in India.",0.23423423423423423,0.7504212856292725
37,How did Infosys perform in reducing greenhouse gas emissions and improving energy efficiency?,"Infosys has performed well in reducing greenhouse gas emissions and improving energy efficiency through several initiatives:

1. **Carbon Neutrality**: Infosys has achieved carbon neutrality for seven consecutive years.
2. **Renewable Energy**: The share of renewables in its India operations is 81.8%, and it has installed 62.42 MWp of solar photovoltaic capacity through a mix of rooftop- and ground-mounted systems.
3. **Energy Efficiency**: Infosys continues to lead in energy efficient, low-carbon infrastructure, with 84% of its office space certified to the highest green building standards. The company utilizes advanced technologies, such as radiant cooling and intelligent controls, to reduce operational energy demand.
4. **Wastewater Recycling**: 100% of wastewater across its campuses is recycled, aiding in overall sustainability and resource efficiency.

Additionally, Infosys integrates efficiency, clean energy, and carbon sequestration into its operations, contributing to its climate positivity strategy.","Infosys has been carbon neutral since fiscal 2020 across Scope 1, 2 and 3 emissions. In fiscal 2026, Scope 2 emissions decreased to 34,351 tCO2e from 38,586 tCO2e in fiscal 2025, while Scope 1 emissions increased to 11,483 tCO2e from 8,745 tCO2e. Total Scope 1 and 2 emissions intensity improved from 0.14 to 0.13 tCO2e per FTE and from 0.000000029 to 0.000000026 tCO2e per rupee of turnover.

Infosys improved energy efficiency through super-efficient buildings, Energy Performance Index below 65 kWh/m2-year, smart building monitoring, and retrofits. In fiscal 2026, lighting and air-conditioning retrofit projects saved 2.04 lakh kWh and reduced emissions by 145 tCO2e. Energy intensity per rupee of turnover improved from 0.000000522 in fiscal 2025 to 0.000000497 in fiscal 2026. Infosys also installed 62.42 MWp of solar PV capacity and achieved 81.8% renewable electricity consumption in its India operations.",0.16835016835016836,0.7528807520866394
38,Did Infosys disclose any significant tax disputes or legal proceedings during FY2026?,"Yes, during the year ended March 31, 2026, Infosys received orders under section 250 and Section 254 of the Income Tax Act, 1961, from the Income Tax Authorities in India for the assessment years 2013-14 and 2017-18 to 2021-22. These orders confirmed the Company's position with respect to tax treatment of certain matters. Additionally, claims against the Group not acknowledged as debts from the Income tax authorities amounted to $207 million (₹1,964 crore) as of March 31, 2026.","Yes. Infosys disclosed contingent liabilities for claims against the Company not acknowledged as debts of ₹1,944 crore as at March 31, 2026, including India income tax matters of ₹1,326 crore. It also disclosed that the US DOJ was investigating how the Company classified certain H-1B visa-recipient employees in immigration documents, and that the outcome could not yet be predicted.",0.21917808219178084,0.7317172288894653
39,"What major acquisitions did Infosys announce during FY2026, and how were they structured?",I could not find this information in the provided documents.,"Infosys announced three major acquisition agreements during FY2026:

- Infosys Singapore Pte. Ltd. agreed to acquire 75% of the equity share capital of Telstra Purple Pty Ltd and some subsidiaries, together known as Versent Group, for consideration including earn-outs and deferred consideration of up to AUD 233 million, excluding retention bonus and management incentives, subject to regulatory approvals and customary closing adjustments.
- Infosys Nova Holdings LLC agreed to acquire 100% of the equity share capital of Optimum Achieve Holdings Inc., including Optimum Healthcare IT, LLC and other subsidiaries, for consideration including earn-outs of up to $465 million, excluding management incentives and retention bonus, subject to customary closing adjustments.
- Infosys Nova Holdings LLC agreed to acquire 100% of the partnership interests of Stratus Global LLC for consideration including earn-outs of up to $95 million, excluding management incentives and retention bonus, subject to customary closing adjustments. This acquisition was completed in April 2026, after the reporting period.",0.03592814371257485,0.23297348618507385
40,How did revenue and profit evolve during the first nine months of FY2026?,I could not find this information in the provided documents.,NOT_FOUND,0.16666666666666669,0.1370333433151245
41,"What were the key financial highlights of Infosys' Q1 FY26 results, including revenue growth and operating margin?","For Q1 FY26, Infosys reported the following key financial highlights:

- Revenues of $4,941 million, with year-on-year growth of 3.8% and sequential growth of 2.6% in constant currency.
- Operating margin at 20.8%, reflecting a decline of 0.3% year-on-year and a decline of 0.2% quarter-on-quarter.
- Free cash flow generation of $884 million, which was 109.3% of net profit.
- Total contract value (TCV) of large deal wins was $3.8 billion, with 55% being net new.","Infosys’ Q1 FY26 revenue was $4,941 million, with year-on-year growth of 3.8% and sequential growth of 2.6% in constant currency. Reported revenues were ₹42,279 crore, up 7.5% YoY. Operating margin was 20.8%, down 0.3% YoY and 0.2% QoQ. Basic EPS rose 8.6% YoY to ₹16.70, and free cash flow was ₹7,533 crore, representing 108.8% of net profit.",0.49681528662420377,0.8383321762084961
42,What revenue growth and operating margin guidance has Infosys provided for FY26?,Infosys has provided revenue growth guidance of 3.0%-3.5% in constant currency and an operating margin guidance of 20%-22% for FY26.,Infosys guided FY26 revenue growth at 1%-3% in constant currency and retained operating margin guidance at 20%-22%.,0.6046511627906976,0.9339795112609863
43,"What were the biggest large-deal wins in Q1 FY26, and what was their total contract value (TCV)?","The biggest large-deal wins in Q1 FY26 had a total contract value (TCV) of $3.8 billion, with 55% net new.","Infosys signed 28 large deals in Q1 FY26 with total TCV of $3.8 billion, including 55% net new. The biggest wins included multiple vendor consolidation deals with combined TCV of over $1 billion, including a mega deal with one of the largest global banks.",0.417910447761194,0.7241188287734985
44,Why does Infosys expect the second half of FY26 to be weaker than the first half?,"""I could not find this information in the provided documents.""","Infosys expects H2 FY26 to be weaker than H1 mainly because Q1 and Q2 are seasonally the strongest part of its year, and Q1 performance was already strong. Management said the demand environment had not significantly improved, with tariff uncertainty, geopolitical uncertainty, cautious client behavior, delayed decision-making, and weak discretionary spending still continuing.",0.03125,0.14261850714683533
45,"How is Infosys using Enterprise AI and AI agents across different industries, according to management?",I could not find this information in the provided documents.,"Infosys said enterprise AI is a key growth driver, with strong demand for AI agents. It has built 300 agents across business operations and IT, including horizontal and vertical agents that help clients make faster decisions, improve customer experience, and raise operational efficiency.

Examples by industry include:
- Oil and gas: AI agents enhance refinery production quality, orchestrate dynamic pricing in retail stores, and automate contract management for trading.
- Manufacturing: AI agents improve supply-chain productivity and cost efficiency, and help resolve malfunctioning-equipment issues.
- Logistics: AI agents transform customer care, operations, logistics, finance, and accounting.
- Retail: physical AI, intelligent automation, and edge-based computer vision create a frictionless, data-driven in-store shopping experience.
- Financial services: Enterprise AI with a fine-tuned large language model translates code and automates documentation, increasing developer productivity by 25% and automating 50% of business requirement creation and modernization support. Management also cited agentic AI use in KYC, onboarding, and portfolio management, and said Infosys is the preferred AI partner for 10 of its top 20 Financial Services clients.",0.021739130434782608,-0.04876812547445297
46,"What is ICICI Direct's investment rating and target price for Infosys, and what is the rationale behind it?","ICICI Direct's investment rating for Infosys is **HOLD**, with a target price of **₹1,330**. The rationale behind this rating includes a weak outlook reflecting ongoing demand uncertainty, despite healthy deal wins that indicate medium-term visibility. However, weak conversion and slower ramp-ups are impacting near-term growth. The company is expected to face headwinds from wage hikes and investment in AI capabilities, which could limit margin upside. As a result, the guidance suggests cautious growth for FY27, prompting the HOLD rating.","ICICI Direct maintains a HOLD rating on Infosys with a target price of ₹1,330, valuing it at 17x P/E on FY28E EPS. The rationale is conservative FY27 guidance and a weak outlook due to demand uncertainty, weak deal conversion, slower ramp-ups, muted organic growth, pressure in discretionary-heavy verticals, flattish volumes, and rising competitive intensity. Margins are resilient but likely range-bound, supported by cost controls rather than volume-led growth, while wage hikes, acquisition amortisation, AI investments, and reinvestment needs cap upside.",0.34117647058823525,0.9211903810501099
47,"What are Infosys' FY27 and FY28 revenue, earnings, and margin projections according to ICICI Direct?",I could not find this information in the provided documents.,"FY27E: Revenue ₹1,90,372 crore; EBIT ₹39,026 crore; PAT ₹30,449 crore; diluted EPS ₹75.3; EBIT margin 20.5%.

FY28E: Revenue ₹1,98,581 crore; EBIT ₹40,610 crore; PAT ₹31,565 crore; diluted EPS ₹78.0; EBIT margin 20.5%.",0.0,0.21925827860832214
48,Which business segments and geographies were the key growth drivers for Infosys in Q4 FY26?,I could not find this information in the provided documents.,"Q4 FY26 growth was led by Europe and ROW among geographies, with YoY constant-currency growth of 11.3% and 10.2%, respectively. By vertical, the strongest YoY growth came from Life Sciences at 14.4%, Communications at 12.9%, Others at 10.7%, Energy, Utilities, Resources and Services at 8.2%, and Manufacturing at 6.6%.",0.029850746268656716,0.1520649492740631
49,What are the key risks identified by analysts that could affect Infosys' future performance?,I could not find this information in the provided documents.,"The key risks are prolonged macroeconomic uncertainty with weakness in discretionary spending, and higher-than-expected volume-led revenue growth.",0.06666666666666667,0.07437849044799805
50,"According to Goldman Sachs, why could the current AI-driven earnings boom become harder to sustain?","According to Goldman Sachs, the current AI-driven earnings boom could become harder to sustain because the bar for this earnings season is already high. While companies are still likely to beat expectations, the large AI capex-linked earnings surprise wave appears to be closer to its end, suggesting the market may require stronger forward-looking signals before pricing in another major rally.","The AI-driven earnings boom could become harder to sustain because the bar for earnings is already high, investors may focus more on outlooks and management commentary than headline beats, and the large AI capex-linked earnings surprise wave appears closer to its end. Goldman also expects investors to become more selective about which companies can turn AI spending into earnings growth.",0.512,0.9356133937835693
