id,question,source_category,source_document,llm_answer,llm_context_filepaths_top_3,reference_answer,faithfulness,answer_relevancy,context_precision,context_recall,evaluation_status,evaluation_error
1,What strategic benefits does the Sentara partnership bring to Infosys in the healthcare sector?,NSE <=10,Infosys_24062026172502_PR_24062026.md,"The strategic partnership with Sentara brings several benefits to Infosys in the healthcare sector, including:

1. **Enhanced Efficiency**: The collaboration focuses on improving operational efficiency across hospital operations and IT systems.

2. **Support for Clinicians and Staff**: By leveraging AI, the partnership aims to support healthcare professionals, enhancing their ability to deliver patient care.

3. **Improved Patient and Member Experiences**: The initiative is designed to enhance the experiences of patients and health plan members through better service delivery.

4. **Scalable AI Foundation**: Infosys' Topaz Fabric platform will help in scaling AI use cases from pilot programs to full production across enterprise systems.

5. **Prioritization of High-Value Use Cases**: The collaboration will enable Sentara to focus on the most beneficial AI applications, maximizing the value derived from AI integration.

6. **Operationalizing AI Value**: The partnership emphasizes building a strong enterprise AI foundation that helps translate AI innovations into real efficiency gains for healthcare providers.

These benefits align with the overall goal of unlocking AI value and driving transformation across healthcare services.",data/nse_files_final/whole_document_cleaning/equal_or_less_than_10_pages/Infosys_24062026172502_PR_24062026.md | data/yfinance/clean-mds/Infosys Limited (INFY) Partners with Sentara To Enable AI Integration and Use in Hospitals.md | data/nse_files_final/whole_document_cleaning/equal_or_less_than_10_pages/Infosys_11062026115315_PR_11062026.md,"The Sentara partnership helps Infosys strengthen its healthcare AI position by applying its AI-first consulting and technology services to a major not-for-profit health system. It enables Infosys to demonstrate scalable enterprise AI adoption in healthcare through Infosys Topaz Fabric, spanning architecture, governance, AI-first delivery models, IT, hospital operations, clinical support, care management, employee productivity, and digital front-office experiences. The collaboration also supports Infosys’ goal of delivering measurable clinical, operational, and digital value through responsible AI adoption at scale.",0.8333,0.9609,1.0000,1.0000,Success,
2,How is Infosys using Topaz Fabric to accelerate AI adoption for enterprise customers?,NSE <=10,Infosys_24062026172502_PR_24062026.md,"Infosys is using Topaz Fabric to accelerate AI adoption for enterprise customers by providing a purpose-built agentic services suite that unifies infrastructure, AI models, enterprise data, applications, and workflows into a composable, agent-ready ecosystem. It helps organizations optimize existing IT processes, automate manual tasks, and avoid vendor lock-ins. Topaz Fabric also supports rapid AI adoption by delivering services with greater resilience, enabling clients to connect their AI strategies to existing practices while embedding AI into everyday workflows. The focus is on building multilayer AI capabilities, prepackaged journeys, and robust integration with modern and legacy applications, thereby facilitating faster and more consistent value delivery.",data/nse_files_final/whole_document_cleaning/equal_or_less_than_10_pages/Infosys_03112025145757_PR_03112025.md | data/nse_files_final/knowledge_extraction/greater_than_10_pages/cleaned_section_files/INFY_15062026210015_Form20F_June152026/group_010.md | data/nse_files_final/whole_document_cleaning/equal_or_less_than_10_pages/Infosys_03032026152329_PR_03032026.md,"Infosys is using Topaz Fabric as a purpose-built agentic services suite to unify infrastructure, models, data, applications, and workflows into a composable, agent-ready ecosystem. For enterprise customers such as Sentara, it supports AI strategy and road-mapping, reference architectures, AI-first SDLC modernization, governance for scaling, responsible AI design, enterprise guardrails, and operational readiness. This helps move AI from experimentation to production, prioritize high-value use cases, scale successful pilots, and embed AI across core hospital, enterprise, business operations, and IT workflows.",1.0000,0.9917,1.0000,0.3333,Success,
3,What impact is the acquisition of Optimum Healthcare IT expected to have on Infosys' healthcare business?,NSE <=10,Infosys_05052026084802_PR_05052026.md,"The acquisition of Optimum Healthcare IT is expected to significantly enhance Infosys' presence in the provider segment, adding new clients and relationships, expanding technology capabilities, and creating synergies across new buying centers. It will allow healthcare providers served by Optimum Healthcare IT to access Infosys' broader offerings, including Infosys Topaz AI offerings, Infosys Cobalt cloud offerings, cloud engineering, infrastructure services, cybersecurity, and application transformation. This integration is projected to accelerate end-to-end cloud, data, and digital transformation for healthcare providers, ultimately supporting improved patient experiences through data-driven, personalized care while driving greater operational efficiency and cost optimization.",data/nse_files_final/knowledge_extraction/greater_than_10_pages/cleaned_section_files/INFY_25032026221610_BM_Outcome_March252026/group_001.md | data/nse_files_final/whole_document_cleaning/equal_or_less_than_10_pages/Infosys_05052026084802_PR_05052026.md | data/nse_files_final/whole_document_cleaning/equal_or_less_than_10_pages/Infosys_11062026115315_PR_11062026.md,"The acquisition is expected to strengthen Infosys’ healthcare capabilities, significantly enhance its presence in the provider segment, add new clients and relationships, expand technology capabilities, and create synergies across new buying centers. By combining Optimum’s provider expertise with Infosys Topaz and Infosys Cobalt, Infosys aims to accelerate end-to-end cloud, data, and digital transformation for healthcare providers at scale.",1.0000,0.9081,1.0000,1.0000,Success,
4,What ERP transformation work is Infosys carrying out for IHH Healthcare?,NSE <=10,Infosys_11062026115315_PR_11062026.md,"Infosys is collaborating with IHH Healthcare to drive a multi-year, enterprise-wide ERP transformation program. This collaboration will help IHH standardize and harmonize business processes across its markets, starting with Hong Kong, Malaysia, and Singapore. The transformation aims to streamline operations, enhance agility and scalability, optimize costs, and strengthen regulatory compliance. Infosys will consolidate IHH's legacy ERP landscape by integrating critical functions such as finance, procurement, supply chain, human capital management, and enterprise performance management. This will result in enhanced real-time data visibility and decision intelligence, facilitating faster and insight-led decision-making.",data/nse_files_final/whole_document_cleaning/equal_or_less_than_10_pages/Infosys_11062026115315_PR_11062026.md | data/nse_files_final/whole_document_cleaning/equal_or_less_than_10_pages/Infosys_11092025173002_PR_11092025.md | data/nse_files_final/knowledge_extraction/greater_than_10_pages/cleaned_section_files/INFY_25032026221610_BM_Outcome_March252026/group_001.md,"Infosys is carrying out a multi-year, enterprise-wide, AI-powered ERP transformation for IHH Healthcare. The work includes standardizing and harmonizing business processes across IHH’s markets, starting with Hong Kong, Malaysia, and Singapore; consolidating legacy, siloed ERP systems; and integrating finance, procurement, supply chain, human capital management, and enterprise performance management. Powered by Infosys Topaz, the program is intended to embed AI into core workflows, improve real-time data visibility and decision intelligence, streamline operations, increase agility and scalability, optimize costs, and strengthen regulatory compliance.",1.0000,0.7900,0.8333,1.0000,Success,
5,Why was Infosys recognized as a Leader in Everest Group's Adobe Services PEAK Matrix assessment?,NSE <=10,Infosys_10032026130708_PR_10032026.md,"Infosys was recognized as a Leader and Star Performer in Everest Group's Adobe Services PEAK Matrix Assessment 2025 for its remarkable growth, delivery excellence, and client impact within the global Adobe services ecosystem. The assessment highlighted Infosys' ability to deliver large-scale, complex, and end-to-end Adobe programs, supported by advisory depth, global delivery networks, certified talent pools, and broad product specializations. Additionally, Infosys demonstrated robust market adoption with visible growth in Adobe services revenue and expanded client traction across North America and Europe.",data/nse_files_final/whole_document_cleaning/equal_or_less_than_10_pages/Infosys_10032026130708_PR_10032026.md | data/nse_files_final/whole_document_cleaning/equal_or_less_than_10_pages/Infosys_30042026152236_PR_30042026.md | data/nse_files_final/knowledge_extraction/greater_than_10_pages/cleaned_section_files/Infosys_14012026160405_BM_Outcome_January142026/group_006.md,"Infosys was recognized as a Leader and Star Performer for its remarkable growth, delivery excellence, and client impact in the global Adobe services ecosystem. It demonstrated robust market adoption, visible growth in Adobe services revenue, expanded client traction across North America and Europe, and the ability to deliver large-scale, complex, end-to-end Adobe programs supported by advisory depth, global delivery networks, certified talent pools, and broad product specializations. Its AI-amplified marketing suite, Infosys Aster, was also highlighted for excellence in capability, innovation, and client impact.",1.0000,0.9262,0.8333,1.0000,Success,
6,What services will Infosys provide under its expanded partnership with GlobalFoundries?,NSE <=10,Infosys_23062026172706_PR_23062026.md,"Infosys will manage GlobalFoundries' end-to-end application, infrastructure, data, and service desk operations under its expanded partnership.",data/nse_files_final/whole_document_cleaning/equal_or_less_than_10_pages/Infosys_23062026172706_PR_23062026.md | data/nse_files_final/whole_document_cleaning/equal_or_less_than_10_pages/Infosys_03032026152329_PR_03032026.md | data/nse_files_final/whole_document_cleaning/equal_or_less_than_10_pages/Infosys_17112025151923_PR_17112025.md,"Infosys will deliver AI-led managed services across GlobalFoundries’ enterprise IT landscape, managing end-to-end application, infrastructure, data, and service desk operations.",1.0000,0.9546,1.0000,1.0000,Success,
7,How is Infosys helping DNB modernize its financial crime management platform?,NSE <=10,Infosys_02062026152845_PR_02062026_2.md,"Infosys is helping DNB modernize its financial crime management platform by expanding their strategic collaboration to transform fragmented, legacy systems into a unified, intelligence-driven, cloud-native platform using the NICE Actimize X-Sight Enterprise platform. This implementation will enhance risk insights, improve detection accuracy, and strengthen multi-jurisdiction regulatory compliance. Infosys will lead the end-to-end modernization of DNB's financial crime technology landscape, including enterprise architecture design, platform integration, and data migration. The modernization will consolidate key functions like customer and payment screening, customer due diligence, and transaction and fraud monitoring onto a single, scalable SaaS platform with unified enterprise case management. By leveraging AI-driven capabilities, Infosys aims to enhance detection accuracy, accelerate investigations, and improve DNB's response time to regulatory demands, thereby future-proofing its financial crime controls.",data/nse_files_final/whole_document_cleaning/equal_or_less_than_10_pages/Infosys_02062026152845_PR_02062026_2.md | data/nse_files_final/whole_document_cleaning/equal_or_less_than_10_pages/Infosys_11082025152913_PR_11082025.md | data/nse_files_final/knowledge_extraction/greater_than_10_pages/cleaned_section_files/INFY_15062026210015_Form20F_June152026/group_009.md,"Infosys is helping DNB modernize its financial crime management platform by transforming fragmented legacy systems into a unified, intelligence-driven, cloud-native platform using NICE Actimize X-Sight Enterprise. As systems integration partner, Infosys will lead enterprise architecture design, platform integration, and data migration, consolidating customer and payment screening, customer due diligence, transaction monitoring, fraud monitoring, and enterprise case management onto a single scalable SaaS platform. The modernization is intended to improve risk insights, detection accuracy, multi-jurisdiction regulatory compliance, automation, investigations, and response time to regulatory demands.",1.0000,0.9925,0.8333,1.0000,Success,
8,"What exactly is Infosys Topaz Fabric, and what business problems is it designed to solve?",NSE <=10,Infosys_03112025145757_PR_03112025.md,"Infosys Topaz Fabric is a purpose-built agentic services suite that acts as a foundational enabler for a new generation of AI-native services. It integrates multilayer AI capabilities across infrastructure, AI models, enterprise data, applications, and workflows, creating an agent-ready ecosystem. Infosys Topaz Fabric focuses on driving client value, enabling rapid AI adoption, delivering services with greater resilience, and facilitating the speed of change across greenfield and Bluefield transformations.

It addresses the following business problems:

1. **Siloed Operations**: It enables orchestration of infra models, data applications, and workflows that typically operate in isolation.
2. **Value Delivery**: It provides prepackaged journeys and agentic service suites, allowing faster and more consistent delivery of value.
3. **Integration**: It includes enterprise application adapters that help integrate both modern and legacy applications effectively within an agentic environment.
4. **Knowledge Management**: It combines structured organizational data with deep tribal knowledge to enhance the function of the agentic ecosystem in real-world contexts.
5. **AI Adoption**: It supports organizations in their AI adoption journey without disrupting existing organizational practices, providing ready-made patterns and connectors to shorten the time to value. 

Overall, Infosys Topaz Fabric is designed to help organizations move quickly in their AI journey while maintaining the integrity of their foundational practices.",data/nse_files_final/whole_document_cleaning/equal_or_less_than_10_pages/Infosys_03112025145757_PR_03112025.md | data/nse_files_final/knowledge_extraction/greater_than_10_pages/cleaned_section_files/INFY_15062026210015_Form20F_June152026/group_010.md | data/nse_files_final/whole_document_cleaning/equal_or_less_than_10_pages/Infosys_16062026152949_PR_16062026.md,"Infosys Topaz Fabric is a layered, composable, open, and interoperable stack of data infrastructure, models, agents, flows, and AI apps for enterprise IT service delivery. It provides integrated and modular services-as-software through a one-shop model, with 50+ purpose-built IT operations agents and out-of-the-box integration with 9 enterprise platforms.

It is designed to help enterprises unify and accelerate IT service delivery, reimagine IT processes, build on existing IT investments, avoid vendor lock-ins, and accelerate value from enterprise AI transformation programs. It supports IT operations, transformation services, quality engineering, and cybersecurity, using AI agents with humans in the loop to automate or eliminate tasks, augment human work, improve speed and accuracy, strengthen resilience, increase automation for application and infrastructure support, and improve user experience.",1.0000,0.9758,1.0000,1.0000,Success,
9,"What was the issue behind the DGGI GST notice received by Infosys, and how did the company respond?",NSE <=10,Infosys_09102025105512_SE_filing_Reg_30_09102025.md,"The issue behind the DGGI GST notice received by Infosys was that the services provided by the Company's overseas branches were allegedly not considered as export of services, which made the refund claimed by the Company erroneous. In response, the Company assessed the merits of the show cause notice, sought advice from external tax consultants and legal counsels, and filed a Writ Petition in the Hon'ble High Court of Karnataka on 19th September 2025, challenging the legitimacy of the show cause notice. Additionally, as of the date of the notice, there was no tax demand against the Company regarding this matter.",data/nse_files_final/whole_document_cleaning/equal_or_less_than_10_pages/Infosys_09102025102009_SE_filing_Reg_30_09102025.md | data/nse_files_final/whole_document_cleaning/equal_or_less_than_10_pages/Infosys_09102025105512_SE_filing_Reg_30_09102025.md | data/nse_files_final/whole_document_cleaning/equal_or_less_than_10_pages/Infosys_13082025223713_SEfiling_Reg30disclosure_13082025.md,"DGGI alleged that services provided by Infosys’s overseas branches were not exports of services, making the company’s GST refund claim allegedly erroneous. The show cause notice was for Rs 414.88 crore, excluding interest and penalties.

Infosys said it had provided relevant information, met DGGI officials, sought additional documents and time after the pre-show cause notice, and later filed a writ petition in the Karnataka High Court on 19 September 2025 challenging the legitimacy of the show cause notice. It also stated that there was no tax demand against the company as of the statement date and reiterated its GST compliance.",1.0000,0.9502,1.0000,1.0000,Success,
10,What new capabilities does the Living Labs center in Hubballi add to Infosys' delivery network?,NSE <=10,Infosys_06082025145458_PR_06082025.md,I could not find this information in the provided documents.,data/nse_files_final/whole_document_cleaning/equal_or_less_than_10_pages/Infosys_06082025145458_PR_06082025.md | data/nse_files_final/whole_document_cleaning/equal_or_less_than_10_pages/Infosys_16072025152918_PR_16072025_2.md | data/nse_files_final/knowledge_extraction/greater_than_10_pages/cleaned_section_files/Infosys_29052026201312_Infosys_Integrated_Annual_Report_2025-26/group_017.md,"It adds advanced digital delivery capabilities in AI, cloud computing, cybersecurity, engineering services, SAP, and space technology, with an AI-first Living Labs setup to help global clients accelerate innovation, future-proof their businesses, and transform industries across manufacturing, financial services, retail, and healthcare.",0.0000,0.0000,1.0000,1.0000,Success,
11,How does Infosys describe its AI strategy and its transition from AI experimentation to enterprise-scale AI adoption?,NSE >10,INFY_30052026201240_SE_Integrated_Annual_Report_2025-26/group_001.md,"Infosys describes its AI strategy as a two-pronged approach that focuses on capturing new demand for AI-first services across six value pools and augmenting existing services with AI to expand wallet share. The company aims to help enterprises move beyond experimentation by establishing a unified, enterprise-wide AI operating model through three key aspects:

1. **AI Strategy & Engineering:** Designing and implementing AI strategies tailored to business needs, utilizing a combination of AI agents, proprietary platforms, and third-party tools on purpose-built infrastructure.

2. **Data for AI:** Preparing both structured and unstructured enterprise data for AI model readiness, building AI-ready data platforms, and applying AI-grade data engineering to transform raw data into strategic assets.

3. **Process AI:** Transforming core business processes by integrating AI agents and human expertise, redesigning workflows to drive substantial improvements in efficiency and business outcomes.

Infosys facilitates this transition with its purpose-built, composable, and open agentic services suite, Infosys Topaz Fabric, and its collaboration with various AI disruptors. The company's efforts focus on practical, responsible deployment and measurable business outcomes, assisting organizations in adopting AI at scale effectively.",data/nse_files_final/whole_document_cleaning/equal_or_less_than_10_pages/Infosys_17022026175524_PR_17022026_2.md | data/nse_files_final/whole_document_cleaning/equal_or_less_than_10_pages/Infosys_22042026160213_PR_April222026_signed.md | data/nse_files_final/knowledge_extraction/greater_than_10_pages/cleaned_section_files/Infosys_17022026111455_SEfiling_InvestorAIday/group_002.md,"Infosys describes its AI strategy as an AI-first approach focused on moving enterprises from pilots and possibilities to measurable business outcomes at scale. It says AI must become the “operating substrate” of the enterprise, shaping decisions, workflows, customer trust, and regulatory confidence.

Its strategy centers on the Infosys AI First Value Framework, powered by Infosys Topaz, its generative and agentic AI suite, and Infosys Topaz Fabric, its agentic services suite. Infosys says enterprise-scale AI adoption requires trusted data, reimagined core processes, domain-aware agents working with people, AI-led modernization of legacy systems, edge intelligence and digital twins, and responsible, secure, ethical AI aligned with regulation.

Infosys says it is collaborating with 90% of its top 200 clients on AI journeys, has more than 4,600 AI projects underway, and has developed over 30 new service offerings across six value pools. It positions its role as helping enterprises unlock AI value measurably, responsibly, and at scale, rather than merely deploying technology.",0.8095,0.8621,1.0000,1.0000,Success,
12,"What business outcomes did Infosys deliver for clients like Liberty Global, Hertz, Microsoft, and Mondelēz using AI?",NSE >10,INFY_30052026201240_SE_Integrated_Annual_Report_2025-26/group_001.md,I could not find this information in the provided documents.,data/nse_files_final/knowledge_extraction/greater_than_10_pages/cleaned_section_files/Infosys_17022026111455_SEfiling_InvestorAIday/group_001.md | data/nse_files_final/whole_document_cleaning/equal_or_less_than_10_pages/Infosys_17022026175524_PR_17022026_2.md | data/nse_files_final/knowledge_extraction/greater_than_10_pages/cleaned_section_files/Infosys_17022026111455_SEfiling_InvestorAIday/group_002.md,"Infosys delivered measurable AI-led outcomes across these clients:

- Liberty Global: supported more than 1,000 platform deliveries, enabled AI solutions for around 8 million TV customers, improved self-service and customer care, reduced outages by 50% year on year, and reduced impacted customers by 60%.
- Hertz: analyzed nearly three million lines of legacy COBOL code, accelerated modernization timelines by 60%, reduced technical debt and hosting costs, improved platform agility, scalability, and resilience, and created a scalable foundation for further modernization and automation.
- Microsoft: improved critical incident response times by 33%, reduced engagement time from 15 minutes to under 10 minutes, cut root cause analysis turnaround by 40% from five days to one day, improved workload resiliency through proactive AI insights, and achieved top-box ratings for over 90% of critical cases.
- Mondelēz International: implemented enterprise-wide traceability at scale, connecting more than 50 suppliers, capturing over 0.5 million events per day, integrating more than 220 plants and distribution centers, mapping more than 150 raw-to-finished-goods processes, accelerating FSMA compliance reporting, and strengthening food safety readiness, compliance reliability, and customer trust.",0.0000,0.0000,1.0000,1.0000,Success,
13,"What are the six capitals used by Infosys in its Integrated Annual Report, and why are they important?",NSE >10,INFY_30052026201240_SE_Integrated_Annual_Report_2025-26/group_001.md,"The six capitals used by Infosys in its Integrated Annual Report are:

1. **Financial Capital**: Represents the funds generated from business operations and financing activities, ensuring a sustainable and profitable financial position.

2. **Natural Capital**: Focuses on environmental sustainability and climate action, highlighting efforts to maintain carbon neutrality and invest in regenerative practices.

3. **Human Capital**: Emphasizes nurturing talent and fostering an inclusive workplace, which is essential for the company's continued success.

4. **Manufactured Capital**: Encompasses energy-efficient offices and technology infrastructure, providing productive and safe workplaces for employees and clients.

5. **Intellectual Capital**: Driven by innovation and agility, it focuses on developing new products and services in collaboration with experts and stakeholders.

6. **Social and Relationship Capital**: Guides the company in addressing stakeholder interests and focuses on social innovations, skill training, and CSR efforts.

These capitals are important because they provide a holistic perspective on how value is created and preserved at Infosys, indicating interdependencies and synergies that drive long-term success and sustainability.",data/nse_files_final/knowledge_extraction/greater_than_10_pages/cleaned_section_files/Infosys_29052026202126_Infosys_Integrated_Annual_Report_2025-26/group_001.md | data/nse_files_final/knowledge_extraction/greater_than_10_pages/cleaned_section_files/Infosys_29052026201312_Infosys_Integrated_Annual_Report_2025-26/group_001.md | data/nse_files_final/knowledge_extraction/greater_than_10_pages/cleaned_section_files/INFY_30052026201240_SE_Integrated_Annual_Report_2025-26/group_001.md,"Infosys uses six capitals: Financial Capital, Natural Capital, Human Capital, Manufactured Capital, Intellectual Capital, and Social and Relationship Capital.

They are important because they provide a holistic view of how Infosys creates and preserves short-, medium-, and long-term value. They are inter-dependent and mutually beneficial, creating synergy across the organization, while Infosys’ strategy, ESG vision, and ambitions channel inputs through these capitals into impactful outputs and outcomes for stakeholders.",1.0000,0.9492,1.0000,1.0000,Success,
14,"What are the biggest AI-related risks identified by Infosys, and how does the company plan to mitigate them?",NSE >10,Infosys_29052026201312_Infosys_Integrated_Annual_Report_2025-26/group_026.md,"The biggest AI-related risks identified by Infosys include:

1. **Inability to transform existing services**: This could affect win rates, market share, and decrease revenue and profits if AI is not leveraged effectively.
2. **Operational issues due to poorly implemented AI**: This encompasses risks such as privacy violations, ethical violations, bias, regulatory non-compliance, and harmful predictions.

To mitigate these risks, Infosys plans the following actions:

- Differentiate services through constant innovation and develop industry solutions that meet client requirements using AI.
- Continue investments to identify, incubate, develop, and launch innovative AI-first offerings.
- Implement proactive measures to identify and mitigate operational issues related to AI.
- Execute an AI talent transformation strategy to build an ambidextrous organization.
- Build deep AI engineering expertise within the company.",data/nse_files_final/whole_document_cleaning/equal_or_less_than_10_pages/Infosys_14082025152800_PR_14082025.md | data/nse_files_final/knowledge_extraction/greater_than_10_pages/cleaned_section_files/INFY_30052026201240_SE_Integrated_Annual_Report_2025-26/group_026.md | data/nse_files_final/knowledge_extraction/greater_than_10_pages/cleaned_section_files/INFY_30052026200807_SE_Integrated_Annual_Report_2025-26/group_025.md,"Infosys identifies the biggest AI-related risk as failure to transform existing services using AI and/or scale new AI-first service offerings to meet evolving customer needs. This could reduce win rates, market share, revenue, and profits.

Infosys plans to mitigate this by:
- Differentiating services through constant innovation and AI-led industry solutions.
- Continuing investments to identify, incubate, develop, and launch innovative AI-first offerings.
- Implementing proactive measures to identify and mitigate operational issues.
- Implementing an AI talent transformation strategy to build an ambidextrous organization.
- Building deep AI engineering expertise.",0.9444,0.9934,1.0000,1.0000,Success,
15,How could Global Capability Centers (GCCs) affect Infosys' future growth and profitability?,NSE >10,Infosys_29052026201312_Infosys_Integrated_Annual_Report_2025-26/group_026.md,I could not find this information in the provided documents.,data/nse_files_final/whole_document_cleaning/equal_or_less_than_10_pages/Infosys_17112025151923_PR_17112025.md | data/nse_files_final/knowledge_extraction/greater_than_10_pages/cleaned_section_files/Infosys_01072025210240_Form20F_July012025_1__1_/group_002.md | data/nse_files_final/knowledge_extraction/greater_than_10_pages/cleaned_section_files/INFY_15062026210015_Form20F_June152026/group_003.md,"GCCs could reduce Infosys’ future addressable market share if customers insource work or establish or expand their own Global Capability Centers for services Infosys provides. This could negatively affect Infosys’ overall growth and profitability. Infosys sees mitigation and opportunity through collaboration, co-creation, scaling a GCC practice for models such as assisted GCC build, build-operate-transfer, and captive carveouts, and using an AI-first model to transform GCCs into innovation hubs.",0.0000,0.0000,1.0000,1.0000,Success,
16,What cybersecurity and data privacy risks does Infosys highlight in its annual report?,NSE >10,Infosys_29052026201312_Infosys_Integrated_Annual_Report_2025-26/group_026.md,"Infosys highlights several cybersecurity and data privacy risks in its annual report, including:

1. **Unauthorized Disclosure Risks**: The company is dependent on its IT networks to securely store and process sensitive client data. Security breaches, employee misappropriation, or human error could lead to unauthorized disclosure of sensitive data, jeopardizing critical projects and adversely affecting the company's reputation.

2. **Compliance Risks**: As a global service provider, Infosys must comply with various regulatory regimes regarding the protection of personal financial and health data, which are complex and frequently changing. Non-compliance could lead to significant litigation and regulatory enforcement actions.

3. **Cybersecurity Exposure**: The hybrid working model increases potential exposure to cybersecurity incidents, which could hinder operations and affect revenue and profitability.

4. **Data Breaches**: Although no data breaches were reported during the period, the company recognizes the potential impact of such breaches and the associated liabilities that could arise from unauthorized access or misuse of data.

5. **Framework Commitment**: Infosys has a cybersecurity framework aligned with the NIST CyberSecurity Framework, reflecting its commitment to managing cybersecurity risks and protecting data privacy.

The report emphasizes the importance of maintaining robust cybersecurity processes and controls to mitigate these risks.",data/nse_files_final/knowledge_extraction/greater_than_10_pages/cleaned_section_files/Infosys_01072025210240_Form20F_July012025_1__1_/group_004.md | data/nse_files_final/knowledge_extraction/greater_than_10_pages/cleaned_section_files/INFY_30052026201240_SE_Integrated_Annual_Report_2025-26/group_038.md | data/nse_files_final/knowledge_extraction/greater_than_10_pages/cleaned_section_files/INFY_30052026200807_SE_Integrated_Annual_Report_2025-26/group_038.md,"Infosys highlights the risk that rapidly evolving cyber threats may outpace its threat detection and prevention measures, including new, modified, or evolving threats to its solutions and product offerings. Cyber attacks that breach its information network, or failure to protect stakeholders’ sensitive and confidential information in line with laws and contractual obligations, could adversely affect operations and client satisfaction and lead to significant regulatory penalties.

For data protection and privacy, Infosys highlights the risk that failure to protect stakeholders’ personal and sensitive information in accordance with applicable laws may affect operations or result in significant regulatory penalties.",1.0000,1.0000,1.0000,1.0000,Success,
17,What did Infosys report about client demand for AI advisory and AI transformation services?,NSE >10,Infosys_29052026201312_Infosys_Integrated_Annual_Report_2025-26/group_006.md,I could not find this information in the provided documents.,data/nse_files_final/whole_document_cleaning/equal_or_less_than_10_pages/Infosys_17022026175524_PR_17022026_2.md | data/nse_files_final/whole_document_cleaning/equal_or_less_than_10_pages/Infosys_06112025152733_PR_06112025.md | data/nse_files_final/whole_document_cleaning/equal_or_less_than_10_pages/Infosys_25032026153613_PR_25032026_2.md,"Infosys reported that clients increasingly recognize proactive AI, automation, and strategic technology advisory as value drivers. Clients expect forward-looking, business-led AI advisory to help evolve AI roadmaps, identify high-value use cases, and deliver scalable business outcomes, and Infosys is viewed positively in this context.",0.0000,0.0000,1.0000,1.0000,Success,
18,What were the major financial highlights of Infosys for FY2026?,NSE >10,Infosys_29052026201312_Infosys_Integrated_Annual_Report_2025-26/group_006.md,"The major financial highlights of Infosys for FY2026 are:

- Revenues in constant currency (CC) terms grew by 3.1% YoY.
- Reported revenues were ₹178,650 crore, representing a growth of 9.6% YoY.
- Reported IFRS operating margin was 20.3%, with an adjusted operating margin of 21.0%.
- Basic EPS was ₹71.58, indicating an increase of 11.0% YoY.
- Free cash flow (FCF) was ₹33,097 crore, with a FCF conversion of 112.3% of net profit.",data/nse_files_final/knowledge_extraction/greater_than_10_pages/cleaned_section_files/Infosys_23042026170027_outcome/group_006.md | data/nse_files_final/knowledge_extraction/greater_than_10_pages/cleaned_section_files/Infosys_23042026170027_outcome/group_007.md | data/nse_files_final/knowledge_extraction/greater_than_10_pages/cleaned_section_files/Infosys_16102025160458_BM_Outcome_Oct162025/group_005.md,"For FY2026, Infosys reported consolidated revenue from operations of ₹1,78,650 crore, up 9.6% YoY, and standalone revenue of ₹1,48,819 crore, up 9.0% YoY. Consolidated profit after tax was ₹29,474 crore, up 10.2%, while standalone profit after tax was ₹29,211 crore, up 14.2%. Consolidated basic EPS was ₹71.58, up 11.0%, and diluted EPS was ₹71.46, up 11.1%.

As of March 31, 2026, Infosys had consolidated total assets of ₹1,55,967 crore and total equity of ₹93,297 crore. Working capital stood at ₹40,794 crore on a standalone basis and ₹51,167 crore on a consolidated basis. Cash and investments were ₹28,662 crore standalone and ₹43,075 crore consolidated. The company remained debt-free.

Infosys completed a buyback of 10 crore equity shares at ₹1,800 per share, with a cash outflow of ₹18,000 crore excluding transaction costs. It paid an interim dividend of ₹23 per share and announced a final dividend of ₹25 per share, taking total FY2026 dividend to ₹48 per share. Including dividends and buyback, the payout ratio was 113.9%.",1.0000,1.0000,1.0000,0.6000,Success,
19,"What dividend did Infosys declare for FY2026, and what capital allocation approach does it follow?",NSE >10,Infosys_29052026201312_Infosys_Integrated_Annual_Report_2025-26/group_006.md,"For fiscal year 2026, Infosys declared an interim dividend of ₹ 23/- per equity share. 

As for its capital allocation approach, effective fiscal 2025, the Company expects to continue its policy of returning approximately 85% of the free cash flow cumulatively over a 5-year period through a combination of semi-annual dividends and/or share buyback/special dividends, subject to applicable laws and requisite approvals, if any.",data/nse_files_final/knowledge_extraction/greater_than_10_pages/cleaned_section_files/Infosys_01072025210240_Form20F_July012025_1__1_/group_013.md | data/nse_files_final/knowledge_extraction/greater_than_10_pages/cleaned_section_files/Infosys_14012026160405_BM_Outcome_January142026/group_039.md | data/nse_files_final/knowledge_extraction/greater_than_10_pages/cleaned_section_files/INFY_30052026201240_SE_Integrated_Annual_Report_2025-26/group_023.md,"Infosys declared an interim dividend of ₹23 per equity share and announced a final dividend of ₹25 per share for FY2026, totaling ₹48 per share.

Its capital allocation policy is to return approximately 85% of free cash flow cumulatively over a five-year period through semi-annual dividends and/or share buybacks or special dividends, while progressively increasing annual dividend per share excluding any special dividend.",1.0000,0.9138,1.0000,0.5000,Success,
20,What are the four pillars of Infosys' long-term corporate strategy?,NSE >10,Infosys_01072025210240_Form20F_July012025_1__1_/group_008.md,I could not find this information in the provided documents.,data/nse_files_final/knowledge_extraction/greater_than_10_pages/cleaned_section_files/Infosys_01072025210240_Form20F_July012025_1__1_/group_017.md | data/nse_files_final/knowledge_extraction/greater_than_10_pages/cleaned_section_files/INFY_30052026201240_SE_Integrated_Annual_Report_2025-26/group_005.md | data/nse_files_final/knowledge_extraction/greater_than_10_pages/cleaned_section_files/INFY_30052026200807_SE_Integrated_Annual_Report_2025-26/group_005.md,"The four pillars of Infosys' long-term corporate strategy are: Scale Agile Digital, Energize the Core, Reskill our People, and Expand Localization.",0.0000,0.0000,0.0000,0.0000,Success,
21,How does Infosys define its AI-first strategy and Responsible AI framework?,NSE >10,Infosys_01072025210240_Form20F_July012025_1__1_/group_008.md,"Infosys defines its AI-first strategy through a two-pronged approach:

1. **AI Strategy & Engineering:** It focuses on designing and implementing AI strategies tailored to business needs, creating a unified AI operating model.
  
2. **Data for AI:** This involves preparing enterprise data for AI readiness, converting raw data into a strategic asset.

3. **Process AI:** It integrates AI agents with human expertise to improve core business processes and workflow efficiency.

4. **Agentic Legacy Modernization:** It uses AI to modernize existing systems without disruption, reducing technical debt.

5. **Physical AI:** This includes embedding AI into physical devices to enhance operational capabilities.

6. **AI Trust:** It ensures that AI systems adhere to responsible, secure, and ethical practices throughout their lifecycle.

For its Responsible AI (RAI) framework, Infosys emphasizes risk mitigation, compliance, data governance, and sustainability. It advocates for established RAI controls to safeguard against reputational and financial risks, recognizing that only 2% of companies meet full RAI standards. They recommend actionable steps such as learning from leaders in RAI, combining product agility with governance, and establishing a centralized RAI office. This proactive approach aims to embed RAI as a strategic advantage rather than a reactive obligation.",data/nse_files_final/whole_document_cleaning/equal_or_less_than_10_pages/Infosys_17022026175524_PR_17022026_2.md | data/nse_files_final/whole_document_cleaning/equal_or_less_than_10_pages/Infosys_14082025152800_PR_14082025.md | data/nse_files_final/whole_document_cleaning/equal_or_less_than_10_pages/Infosys_11062026162328_PR_11062026_2.md,"Infosys defines its AI-first strategy as helping clients ideate, plan, and execute their journey to an AI future by building strong data foundations with robust cloud capabilities. It says it is reimagining itself as an AI-first organization and uses AI across digital transformation, enterprise AI adoption, automation, cloud, application development, and industry-specific solutions.

Its Responsible AI framework focuses on safeguards around privacy, ethics, and controls. Infosys says it is evangelizing Responsible AI practices within the Group and across the industry, and it has implemented an Artificial Intelligence Management System framework aligned with ISO 42001:2023 to support Responsible AI practices, regulatory adherence, efficiency, and accountability.",1.0000,0.9302,1.0000,0.8000,Success,
22,What consulting and digital transformation capabilities does Infosys consider its key strengths?,NSE >10,Infosys_01072025210240_Form20F_July012025_1__1_/group_008.md,"Infosys considers its key consulting and digital transformation capabilities to include:

1. **Enterprise AI solutions**: Leveraging next-generation technologies to solve critical business challenges and enable smart automation, efficiency, and growth.
   
2. **Digital platforms**: Transforming enterprise operations through leading platforms such as SAP, Oracle, and Salesforce, from design to implementation and management.

3. **Technology transformation**: Bridging business and IT through strategic visioning, enterprise architecture, cloud enablement, cybersecurity, M&A integration, and modern operating models.

4. **Workforce transformation**: Addressing the human factors of change to ensure successful adoption and long-term value through learning, communication, and organizational design.

5. **Human Experience services**: Focusing on influencing human interactions and transforming their experiences by leveraging generative AI capabilities.

6. **Digital marketing services**: Helping clients build deeper customer relationships and enhance brand experiences leveraging data-driven insights.

7. **Application development capabilities**: Creating custom software solutions using an AI-first, cloud-agnostic, agile, and product-centric approach, integrating AI throughout the software development lifecycle.

Overall, these capabilities enable Infosys to help clients drive innovation, accelerate transformation, and achieve measurable business outcomes.",data/nse_files_final/knowledge_extraction/greater_than_10_pages/cleaned_section_files/Infosys_01072025210240_Form20F_July012025_1__1_/group_008.md | data/nse_files_final/knowledge_extraction/greater_than_10_pages/cleaned_section_files/INFY_15062026210015_Form20F_June152026/group_008.md | data/nse_files_final/knowledge_extraction/greater_than_10_pages/cleaned_section_files/INFY_15062026210015_Form20F_June152026/group_009.md,"Infosys identifies its key strengths as end-to-end consulting and digital transformation capabilities, including enterprise AI solutions, digital platforms such as SAP, Oracle, and Salesforce, technology transformation, and workforce transformation. It also highlights strengths in cloud advisory and cloud adoption, data and analytics, AI and automation, product engineering, cybersecurity, human experience, digital design and experience, application development, quality engineering, infrastructure management, enterprise application implementation, support and integration services, and business process management.",1.0000,0.9335,1.0000,1.0000,Success,
23,What is Infosys' capital allocation policy beginning FY2025?,NSE >10,INFY_15062026210015_Form20F_June152026/group_021.md,"Effective fiscal 2025, the Company expects to continue its policy of returning approximately 85% of the free cash flow cumulatively over a 5-year period through a combination of semi-annual dividends and/or share buyback/special dividends, subject to applicable laws and requisite approvals, if any. Under this policy, the Company expects to progressively increase its annual dividend per share (excluding special dividend if any).",data/nse_files_final/knowledge_extraction/greater_than_10_pages/cleaned_section_files/Infosys_01072025210240_Form20F_July012025_1__1_/group_013.md | data/nse_files_final/knowledge_extraction/greater_than_10_pages/cleaned_section_files/Infosys_23072025153626_Outcome23072025/group_035.md | data/nse_files_final/knowledge_extraction/greater_than_10_pages/cleaned_section_files/INFY_15062026210015_Form20F_June152026/group_037.md,"Beginning FY2025, Infosys expects to return approximately 85% of free cash flow cumulatively over a five-year period through semi-annual dividends and/or share buybacks/special dividends, subject to applicable laws and required approvals. Under this policy, Infosys expects to progressively increase its annual dividend per share, excluding any special dividend.",1.0000,0.5806,1.0000,1.0000,Success,
24,What were the key details of Infosys' 2025 share buyback?,NSE >10,INFY_15062026210015_Form20F_June152026/group_021.md,"The key details of Infosys' 2025 share buyback are as follows:

- **Buyback Size**: Up to ₹18,000 crore (Rupees Eighteen Thousand Crore only).
- **Equity Shares**: The company proposed to buy back up to 10,00,00,000 fully paid-up equity shares of face value ₹5 each.
- **Buyback Price**: ₹1,800 per equity share.
- **Record Date**: November 14, 2025.
- **Eligible Shareholders**: All equity shareholders as of the record date are eligible, except holders of American Depositary Shares (ADSs), who must withdraw their underlying equity shares to participate.
- **Small Shareholder Reservation**: 15% of the number of equity shares proposed to be bought back is reserved for small shareholders, defined as those holding shares with a market value not exceeding ₹2,00,000.
- **Implementation**: The buyback will be conducted through a proportionate tender offer route using the stock exchange mechanism as specified by SEBI.
- **Tax Treatment**: The consideration received on buyback may attract income tax depending on shareholder status.
- **Exemptive Relief**: The company obtained exemptive relief from the U.S. Securities and Exchange Commission for certain aspects of the buyback due to conflicting regulatory requirements.
  
These details are subject to approval by the company's shareholders through a special resolution.",data/nse_files_final/knowledge_extraction/greater_than_10_pages/cleaned_section_files/Infosys_22102025144043_SE_Draft_LOA_22102025/group_007.md | data/nse_files_final/whole_document_cleaning/equal_or_less_than_10_pages/INFY_12092025074008_Diamond_SEC_letter.md | data/nse_files_final/knowledge_extraction/greater_than_10_pages/cleaned_section_files/Infosys_10112025172147_SE_PublicAnnouncement_10112025/group_005.md,"Infosys’ 2025 share buyback was approved by the Board on September 11, 2025, under its capital allocation policy. It was a tender offer through Indian stock exchanges for up to ₹18,000 crore at a price not exceeding ₹1,800 per share, subject to shareholder approval.

Shareholders approved it by postal ballot e-voting, with results declared on November 4, 2025. The offer was open to all equity shareholders except ADS holders. The tendering period began on November 20, 2025, and was completed on November 26, 2025.

Infosys purchased and extinguished 100,000,000 equity shares, representing 2.41% of its pre-buyback paid-up equity share capital. The buyback resulted in a cash outflow of ₹18,000 crore, approximately $2,000 million, excluding transaction costs and buyback tax. It was funded from free reserves, including securities premium. As of March 31, 2026, Infosys created a Capital Redemption Reserve of ₹50 crore, approximately $6 million, equal to the nominal value of the shares bought back.",1.0000,0.9933,1.0000,0.6667,Success,
25,Where are Infosys equity shares and ADRs listed?,NSE >10,INFY_15062026210015_Form20F_June152026/group_021.md,"Infosys equity shares and ADRs are listed on the NSE and BSE in India and on the NYSE, respectively, under the symbol 'INFY'.",data/nse_files_final/knowledge_extraction/greater_than_10_pages/cleaned_section_files/INFY_30052026201240_SE_Integrated_Annual_Report_2025-26/group_023.md | data/nse_files_final/knowledge_extraction/greater_than_10_pages/cleaned_section_files/Infosys_29052026201312_Infosys_Integrated_Annual_Report_2025-26/group_023.md | data/nse_files_final/knowledge_extraction/greater_than_10_pages/cleaned_section_files/INFY_30052026200807_SE_Integrated_Annual_Report_2025-26/group_023.md,Infosys equity shares are traded in India on the BSE and NSE. Its ADSs/ADRs are listed on the New York Stock Exchange under the ticker symbol “INFY.”,1.0000,1.0000,1.0000,1.0000,Success,
26,"How many employees did Infosys have at the end of FY2026, and what does the workforce composition look like?",NSE >10,Infosys_29052026202126_Infosys_Integrated_Annual_Report_2025-26/group_028.md,"As of March 31, 2026, Infosys had 328,594 employees, of which 310,887 were professionals involved in service delivery to clients, including trainees. The workforce composition was as follows:
- 258,502 employees in India
- 32,718 employees in the Americas
- 19,176 employees in Europe
- 18,198 employees in the rest of the world.",data/nse_files_final/knowledge_extraction/greater_than_10_pages/cleaned_section_files/INFY_15062026210015_Form20F_June152026/group_018.md | data/nse_files_final/knowledge_extraction/greater_than_10_pages/cleaned_section_files/INFY_30052026200807_SE_Integrated_Annual_Report_2025-26/group_016.md | data/nse_files_final/knowledge_extraction/greater_than_10_pages/cleaned_section_files/Infosys_29052026201312_Infosys_Integrated_Annual_Report_2025-26/group_016.md,"At the end of FY2026, Infosys had 3,52,095 total employees: 3,28,594 permanent employees and 23,501 other-than-permanent employees. The workforce was 61.9% male and 38.1% female, with 2,17,818 male employees and 1,34,277 female employees. Permanent employees were 60.5% male and 39.5% female, while other-than-permanent employees were 80.2% male and 19.8% female. Infosys also reported 1,075 differently-abled employees, comprising 803 male employees and 272 female employees.",1.0000,0.8574,1.0000,0.2500,Success,
27,What percentage of Infosys' revenue comes from exports?,NSE >10,Infosys_29052026201312_Infosys_Integrated_Annual_Report_2025-26/group_028.md,I could not find this information in the provided documents.,data/nse_files_final/knowledge_extraction/greater_than_10_pages/cleaned_section_files/Infosys_14012026160405_BM_Outcome_January142026/group_006.md | data/nse_files_final/knowledge_extraction/greater_than_10_pages/cleaned_section_files/INFY_15062026210015_Form20F_June152026/group_007.md | data/nse_files_final/knowledge_extraction/greater_than_10_pages/cleaned_section_files/INFY_15062026210015_Form20F_June152026/group_012.md,97.40% of Infosys’ total turnover comes from exports.,1.0000,0.0000,0.0000,0.0000,Success,
28,What employee turnover trends has Infosys reported over the past three years?,NSE >10,Infosys_29052026202126_Infosys_Integrated_Annual_Report_2025-26/group_028.md,"For the past three years, Infosys reported the following permanent employee turnover rates:

- Fiscal 2026: Total 12.6%, Male 13.2%, Female 11.6%
- Fiscal 2025: Total 14.1%, Male 14.5%, Female 13.6%
- Fiscal 2024: Total 12.6%, Male 12.6%, Female 12.5%",data/nse_files_final/knowledge_extraction/greater_than_10_pages/cleaned_section_files/Infosys_14012026160405_BM_Outcome_January142026/group_006.md | data/nse_files_final/knowledge_extraction/greater_than_10_pages/cleaned_section_files/INFY_30052026201240_SE_Integrated_Annual_Report_2025-26/group_028.md | data/nse_files_final/knowledge_extraction/greater_than_10_pages/cleaned_section_files/INFY_30052026200807_SE_Integrated_Annual_Report_2025-26/group_011.md,"Infosys reported permanent employee turnover of 12.6% in fiscal 2026, down from 14.1% in fiscal 2025 and the same as 12.6% in fiscal 2024. Male turnover was 13.2% in fiscal 2026, 14.5% in fiscal 2025, and 12.6% in fiscal 2024. Female turnover was 11.6% in fiscal 2026, 13.6% in fiscal 2025, and 12.5% in fiscal 2024.",1.0000,0.8919,1.0000,1.0000,Success,
29,What grievance redressal and employee well-being mechanisms does Infosys provide?,NSE >10,Infosys_29052026202126_Infosys_Integrated_Annual_Report_2025-26/group_017.md,"Infosys provides a robust grievance resolution mechanism known as Resolution hubs, where employees and contract staff can highlight matters or concerns faced at the workplace, including those pertaining to human rights. 

Resolution hubs adhere to the principles of natural justice, confidentiality, sensitivity, non-retaliation, and fairness while addressing concerns. They ensure concerns are handled sensitively, with timely action and closure. A detailed investigation process ensures fairness for all involved, with an opportunity to present facts and any material evidence.

Additionally, Infosys has a non-retaliation policy that protects complainants from any adverse consequences resulting from their good faith reports of integrity concerns. This protection extends to anyone who assists or cooperates in an investigation or reports of an integrity concern or question.",data/nse_files_final/knowledge_extraction/greater_than_10_pages/cleaned_section_files/INFY_30052026201240_SE_Integrated_Annual_Report_2025-26/group_034.md | data/nse_files_final/knowledge_extraction/greater_than_10_pages/cleaned_section_files/INFY_30052026200807_SE_Integrated_Annual_Report_2025-26/group_034.md | data/nse_files_final/knowledge_extraction/greater_than_10_pages/cleaned_section_files/Infosys_29052026201312_Infosys_Integrated_Annual_Report_2025-26/group_034.md,"Infosys provides grievance redressal through resolution hubs under an open-door policy, with forums where employees can raise workplace concerns. These hubs follow natural justice, confidentiality, sensitivity, non-retaliation and fairness, using investigations, timely action, closure, and opportunities for parties to present facts and evidence.

Key mechanisms include HEAR, an independent employee grievance resolution forum for workplace grievances unresolved at the Unit HR or Manager level. HEAR provides multiple layers of redressal with an appeal mechanism, neutral panel reviews, decentralized presence across businesses, units, geographies and affiliates, and review of anonymous concerns with the Whistleblower Office.

Infosys also provides ASHI, its enterprise-wide Anti Sexual Harassment Initiative, to prevent, prohibit and redress workplace sexual harassment. ASHI is gender-neutral, employee-centric and globally consistent, with zero tolerance for harassment and non-retaliation for those raising concerns. It uses a Grievance Redressal Body, an Internal Complaints Committee framework, Internal Committees where required under POSH, multiple safe reporting channels, awareness and enablement, monitoring and analytics. Employees can report through the ASHI web application, the InfyMe app, or by writing to GRB.

Other mechanisms include a Whistleblower Policy for reporting genuine concerns, including anonymous reporting, and review of workplace policy or process deviations with Employee Relations. Infosys also supports employee well-being through a positive, equal opportunity, discrimination- and harassment-free workplace; hybrid work flexibility; recognition and rewards; diversity, equity and inclusion; the Behavior Matters campaign promoting respect and positive behavior; and safety and conduct training for third-party personnel on its campuses.",1.0000,0.8310,1.0000,0.2000,Success,
30,What learning and upskilling programs does Infosys offer its employees?,NSE >10,Infosys_29052026202126_Infosys_Integrated_Annual_Report_2025-26/group_017.md,"Infosys offers the following learning and upskilling programs for its employees:

1. **Lex**: An in-house learning platform that engages employees through hybrid learning models.
2. **Learning and Career**: A one-stop portal for all learning and career-related needs with smart integration with other internal systems.
3. **Internal Marketplace**: A vehicle to match employees with opportunities for job rotations in areas of their choice and capability.
4. **Internal Job Movements**: Connects talent to internal job opportunities, enabling career movements and promotion.
5. **Holistic Skill Building & Career Pathing**: Outlines various required skills and offers the Career Canvas for employees to choose their aspired roles.
6. **Bridge Programs**: Helps employees develop new skills and shift to new careers.
7. **Accelerate**: Provides exposure to various roles and practical experience through short-term internal projects.
8. **Platinum Club**: An exclusive group for top performers ensuring diverse career experiences.
9. **Manager and Leadership Development**: Structured interventions designed to foster leader skill development.
10. **Quarterly Check-ins & Performance Management Evolution**: Strengthens performance management with a skills focus and regular feedback.
11. **Sales Capability Building Programs**: Initiatives such as ZENITH CLUB, SYNERGY, and ASSURED to enhance sales skills and capabilities.

These programs are part of Infosys' commitment to nurturing a culture of continuous learning and development.",data/nse_files_final/whole_document_cleaning/equal_or_less_than_10_pages/Infosys_15072025105756_PR_15072025.md | data/nse_files_final/knowledge_extraction/greater_than_10_pages/cleaned_section_files/Infosys_01072025210240_Form20F_July012025_1__1_/group_017.md | data/nse_files_final/knowledge_extraction/greater_than_10_pages/cleaned_section_files/INFY_15062026210015_Form20F_June152026/group_019.md,"Infosys offers several employee learning and upskilling programs, including:

- Foundation Training Program for newly onboarded entry-level hires, covering 40+ technology streams, with generative AI and prompt engineering courses.
- Continuous Education Program for reskilling and upskilling existing employees in next-generation digital technologies, methodologies, and gen AI technologies.
- Online self-learning, instructor-led virtual training, and in-person classroom training opportunities.
- Bridge programs that provide training and internship opportunities for employees to switch to new career fields within the organization.
- Lex, Infosys’ in-house learning platform, offering 40,000+ curated courses, including 30,000+ courses from vendor partners.
- Leadership development programs to maintain a deep and diverse internal leadership pipeline.",1.0000,0.9980,1.0000,1.0000,Success,
31,What innovations and technologies are included under Infosys Topaz Fabric?,NSE >10,Infosys_29052026202126_Infosys_Integrated_Annual_Report_2025-26/group_017.md,"Infosys Topaz Fabric includes the following innovations and technologies:

1. Multilayer AI capabilities enabling infrastructure models, data applications, and workflows to be orchestrated together.
2. Prepackaged journeys and agentic service suites that align with service offerings for faster and more consistent value delivery.
3. Enterprise application adapters and Media Transfer Protocol (MTP) servers that integrate both modern and legacy applications within the agentic environment.
4. Enterprise knowledge fabric that combines structured organizational data with deep tribal knowledge for real-world context.
5. Hybrid intelligence by combining frontier large language models (LLMs) with specialized small language models developed for the service ecosystem.",data/nse_files_final/whole_document_cleaning/equal_or_less_than_10_pages/Infosys_03112025145757_PR_03112025.md | data/nse_files_final/knowledge_extraction/greater_than_10_pages/cleaned_section_files/INFY_15062026210015_Form20F_June152026/group_010.md | data/nse_files_final/whole_document_cleaning/equal_or_less_than_10_pages/Infosys_16062026152949_PR_16062026.md,"Infosys Topaz Fabric includes composable and interoperable AI agents, tools, services, and models. It covers consulting, engineering, and operations capabilities, using AI-powered insights, structured frameworks, modern architectures, intelligent automation, AI-driven execution, AI-driven monitoring, real-time intelligence, self-healing capabilities, and predictive insights to optimize IT processes, automate manual tasks, and operationalize AI at enterprise scale.",1.0000,0.9886,1.0000,1.0000,Success,
32,What acquisitions and strategic investments did Infosys complete during FY2026?,NSE >10,INFY_30052026200807_SE_Integrated_Annual_Report_2025-26/group_007.md,I could not find this information in the provided documents.,data/nse_files_final/knowledge_extraction/greater_than_10_pages/cleaned_section_files/Infosys_23042026170027_outcome/group_006.md | data/nse_files_final/knowledge_extraction/greater_than_10_pages/cleaned_section_files/Infosys_16102025160458_BM_Outcome_Oct162025/group_005.md | data/nse_files_final/knowledge_extraction/greater_than_10_pages/cleaned_section_files/INFY_15062026210015_Form20F_June152026/group_007.md,"During FY2026, Infosys completed two business combinations, acquiring 100% interests in:

1. MRE Consulting Ltd., an Energy and business consulting services company headquartered in Texas, U.S., on April 30, 2025.
2. The Missing Link Group, a Cybersecurity services provider headquartered in Australia, on April 30, 2025.",1.0000,0.0000,0.5000,0.3333,Success,
33,"How is the Infosys Board structured, and what committees oversee corporate governance?",NSE >10,INFY_30052026200807_SE_Integrated_Annual_Report_2025-26/group_007.md,"As of April 23, 2026, the Infosys Board comprised ten members, including a non-executive and non-independent Chairman, a Chief Executive Officer and Managing Director (CEO & MD), and eight independent directors. The Company has six committees: 

1. Audit Committee
2. Nomination and Remuneration Committee
3. Stakeholders Relationship Committee
4. Risk Management Committee
5. Corporate Social Responsibility (CSR) Committee
6. ESG Committee

All committees comprise only independent directors, with one independent director serving as the chairperson of each committee. Additionally, there is a Cybersecurity Risk Sub-committee under the Risk Management Committee, which also comprises only independent directors.",data/nse_files_final/knowledge_extraction/greater_than_10_pages/cleaned_section_files/INFY_30052026201240_SE_Integrated_Annual_Report_2025-26/group_018.md | data/nse_files_final/knowledge_extraction/greater_than_10_pages/cleaned_section_files/Infosys_29052026202126_Infosys_Integrated_Annual_Report_2025-26/group_018.md | data/nse_files_final/knowledge_extraction/greater_than_10_pages/cleaned_section_files/Infosys_29052026201312_Infosys_Integrated_Annual_Report_2025-26/group_018.md,"As of March 31, 2026, the Infosys Board had nine members: one executive director, one non-executive and non-independent director, and seven independent directors. Two of the independent directors were women.

The Board had six committees overseeing governance: the Audit Committee, Corporate Social Responsibility Committee, Nomination and Remuneration Committee, Risk Management Committee, Stakeholders Relationship Committee, and Environment, Social and Governance (ESG) Committee. All committees comprised only independent directors, with one independent director chosen as chairperson. A Cybersecurity Risk Sub-Committee of the Risk Management Committee was also constituted, comprising only independent directors and chaired by one of them.",1.0000,0.7087,1.0000,0.8000,Success,
34,What are the main responsibilities of Infosys' ESG Committee?,NSE >10,INFY_30052026200807_SE_Integrated_Annual_Report_2025-26/group_020.md,"The main responsibilities of Infosys' ESG Committee are:

1. To guide the creation and periodic refresh of the ESG Vision and Ambitions of the Company and continuously take into updates on the ESG vision and goals thereon.
2. Review the operation of ESG Council and its working. The Committee may form and delegate authority to sub-committees as and when appropriate.
3. To ensure that the Company implements appropriate measures to advance its ESG objectives and shall have access to all internal information necessary to fulfil its duties.
4. To overview periodic ESG disclosures and communications, including the annual report sections, ESG reports, Business Responsibility and Sustainability Reporting (BRSR) filings.
5. Obtain advice and assistance from internal or external experts, advisors.
6. To report to the Board on a periodic basis on the matters reviewed and decisions/recommendations made.",data/nse_files_final/knowledge_extraction/greater_than_10_pages/cleaned_section_files/INFY_30052026201240_SE_Integrated_Annual_Report_2025-26/group_020.md | data/nse_files_final/knowledge_extraction/greater_than_10_pages/cleaned_section_files/Infosys_29052026201312_Infosys_Integrated_Annual_Report_2025-26/group_020.md | data/nse_files_final/knowledge_extraction/greater_than_10_pages/cleaned_section_files/INFY_30052026200807_SE_Integrated_Annual_Report_2025-26/group_020.md,"Infosys' ESG Committee is responsible for guiding and periodically refreshing the company's ESG vision and ambitions, reviewing the operation of the ESG Council, ensuring implementation of measures to advance ESG objectives, overseeing periodic ESG disclosures and communications including annual report sections, ESG reports and BRSR filings, obtaining advice from internal or external experts and advisors, and reporting periodically to the Board on reviewed matters and decisions or recommendations.",1.0000,1.0000,1.0000,1.0000,Success,
35,How much did Infosys spend on CSR activities during FY2026?,NSE >10,INFY_30052026200807_SE_Integrated_Annual_Report_2025-26/group_020.md,I could not find this information in the provided documents.,data/nse_files_final/knowledge_extraction/greater_than_10_pages/cleaned_section_files/INFY_30052026201240_SE_Integrated_Annual_Report_2025-26/group_012.md | data/nse_files_final/knowledge_extraction/greater_than_10_pages/cleaned_section_files/INFY_30052026200807_SE_Integrated_Annual_Report_2025-26/group_012.md | data/nse_files_final/knowledge_extraction/greater_than_10_pages/cleaned_section_files/Infosys_29052026202126_Infosys_Integrated_Annual_Report_2025-26/group_012.md,"Infosys spent ₹558.04 crore on various CSR projects during FY2026. It also spent ₹9.21 crore on ongoing projects from fiscals 2023, 2024, and 2025, and ₹43.03 crore outside India.",1.0000,0.0000,1.0000,0.3333,Success,
36,What environmental sustainability initiatives did Infosys undertake during FY2026?,NSE >10,INFY_30052026200807_SE_Integrated_Annual_Report_2025-26/group_035.md,"Infosys undertook the following environmental sustainability initiatives during FY2026:

1. **Carbon Neutrality**: Maintained carbon neutrality for 7 years in a row.
2. **Renewable Energy**: Achieved 81.8% share of renewables in its India operations and installed 62.42 MWp of solar photovoltaic capacity.
3. **Community Development Offsets**: Benefited over 300,000 rural families through carbon offset programs, including agroforestry with approximately 14 million saplings planted.
4. **Wastewater Recycling**: Achieved 100% wastewater recycling within its campuses.
5. **Energy Efficiency**: Implemented energy-efficient technologies in its building infrastructure, with 84% of office space certified to the highest green building standards.
6. **Decarbonizing Supply Chain**: Engaged with suppliers to decarbonize the value chain, focusing on high-emission IT hardware suppliers.
7. **Carbon Offsets and Regeneration**: Addressed unavoidable emissions through community-centric carbon offset programs, enhancing carbon sequestration and rural livelihoods.
8. **Water Stewardship**: Continued to reduce freshwater withdrawal and enhance local water ecosystems as a signatory of the UN CEO Water Mandate.
9. **Lake Rejuvenation Projects**: Increased cumulative freshwater storage capacity from 6 billion liters to 10.3 billion liters through lake rejuvenation efforts.
10. **Waste Management**: Advanced towards zero waste to landfill by improving segregation, onsite processing, and material recovery.
11. **Biodiversity Stewardship**: Strengthened biodiversity initiatives through native plantation and habitat enrichment efforts. 

These initiatives reflect Infosys’s commitment to advancing climate positivity through a holistic approach to environmental stewardship.",data/nse_files_final/knowledge_extraction/greater_than_10_pages/cleaned_section_files/INFY_30052026200807_SE_Integrated_Annual_Report_2025-26/group_005.md | data/nse_files_final/knowledge_extraction/greater_than_10_pages/cleaned_section_files/Infosys_29052026202126_Infosys_Integrated_Annual_Report_2025-26/group_005.md | data/nse_files_final/knowledge_extraction/greater_than_10_pages/cleaned_section_files/Infosys_29052026202126_Infosys_Integrated_Annual_Report_2025-26/group_012.md,"During FY2026, Infosys undertook several environmental sustainability initiatives: it remained carbon neutral across Scope 1, 2, and 3 emissions; improved energy efficiency through super-efficient buildings, smart building systems, operational optimization, and retrofits; completed lighting and air-conditioning retrofit projects that saved 2.04 lakh kWh and reduced emissions by 145 tCO2e; installed 62.42 MWp of solar PV capacity and avoided 1.24 lakh kWh; achieved 81.8% renewable electricity consumption in India operations through captive solar, power purchase agreements, and green tariff mechanisms; implemented Zero Liquid Discharge practices through in-house sewage treatment plants at 100% of owned India campuses; reused treated wastewater for irrigation, HVAC systems, and flushing; procured third-party greywater for non-potable uses; applied the 5R waste strategy of refuse, reduce, reuse, refurbish/repurpose, and recycle; kept 99% of disposed waste out of landfills; worked toward a 2030 zero-waste-to-landfill goal; and achieved TRUE Zero Waste Certification at 46% of owned campuses in India.",1.0000,1.0000,1.0000,1.0000,Success,
37,How did Infosys perform in reducing greenhouse gas emissions and improving energy efficiency?,NSE >10,INFY_30052026200807_SE_Integrated_Annual_Report_2025-26/group_035.md,"Infosys has advanced its journey towards climate positivity by focusing on various initiatives aimed at reducing greenhouse gas emissions and improving energy efficiency. Some key highlights include:

1. **Energy Efficiency Improvement**: Infosys implemented innovative energy solutions such as radiant heating and free cooling systems that can potentially reduce energy consumption by approximately 70% compared to traditional methods. This contributed to about a 15% reduction in the building’s annual HVAC load, thereby helping decrease Scope 2 emissions.

2. **Supply Chain Decarbonization**: Infosys initiated climate action and sustainable packaging requirements in its IT hardware procurement process. This transformed sourcing into an ESG intervention, leading to an avoided emission of 8,955 tCO2e by excluding lower-performing suppliers in laptop procurement and focusing on more sustainable packaging and climate performance.

3. **Renewable Energy**: The company accelerated its clean energy journey by increasing its solar photovoltaic capacity and procuring renewable power through third-party agreements, which contributes to reducing dependence on conventional energy sources.

4. **Carbon Offsets and Regeneration**: Infosys has engaged in community-centric carbon offset programs and established one of India's largest corporate agroforestry programs, planting approximately 14 million saplings, which contributes to carbon sequestration and enhances rural livelihoods.

5. **Total Scope 3 Emissions**: For fiscal 2026, Infosys reported total Scope 3 emissions of 207,374 metric tonnes of CO2 equivalent, showing a slight decrease from 208,659 metric tonnes in fiscal 2025.

Overall, these initiatives reflect Infosys' commitment to improving energy efficiency and reducing its greenhouse gas emissions as part of its sustainability strategy.",data/nse_files_final/knowledge_extraction/greater_than_10_pages/cleaned_section_files/INFY_30052026200807_SE_Integrated_Annual_Report_2025-26/group_036.md | data/nse_files_final/knowledge_extraction/greater_than_10_pages/cleaned_section_files/Infosys_29052026202126_Infosys_Integrated_Annual_Report_2025-26/group_036.md | data/nse_files_final/knowledge_extraction/greater_than_10_pages/cleaned_section_files/INFY_30052026200807_SE_Integrated_Annual_Report_2025-26/group_005.md,"Infosys has been carbon neutral since fiscal 2020 across Scope 1, 2 and 3 emissions. In fiscal 2026, Scope 2 emissions decreased to 34,351 tCO2e from 38,586 tCO2e in fiscal 2025, while Scope 1 emissions increased to 11,483 tCO2e from 8,745 tCO2e. Total Scope 1 and 2 emissions intensity improved from 0.14 to 0.13 tCO2e per FTE and from 0.000000029 to 0.000000026 tCO2e per rupee of turnover.

Infosys improved energy efficiency through super-efficient buildings, Energy Performance Index below 65 kWh/m2-year, smart building monitoring, and retrofits. In fiscal 2026, lighting and air-conditioning retrofit projects saved 2.04 lakh kWh and reduced emissions by 145 tCO2e. Energy intensity per rupee of turnover improved from 0.000000522 in fiscal 2025 to 0.000000497 in fiscal 2026. Infosys also installed 62.42 MWp of solar PV capacity and achieved 81.8% renewable electricity consumption in its India operations.",1.0000,0.7604,1.0000,1.0000,Success,
38,Did Infosys disclose any significant tax disputes or legal proceedings during FY2026?,NSE >10,INFY_30052026201240_SE_Integrated_Annual_Report_2025-26/group_054.md,"Yes, during the year ended March 31, 2026, Infosys received orders under section 250 and Section 254 of the Income Tax Act, 1961, from the Income Tax Authorities in India for the assessment years 2013-14 and assessment years 2017-18 to 2021-22. These orders confirmed the Company's position with respect to tax treatment of certain matters, and as a result, interest income (pre-tax) of ₹381 crore was recognized and provision for income tax aggregating ₹869 crore was reversed. Additionally, an amount of ₹86 crore was reduced from contingent liabilities upon resolution of these disputes.",data/nse_files_final/knowledge_extraction/greater_than_10_pages/cleaned_section_files/INFY_15062026210015_Form20F_June152026/group_040.md | data/nse_files_final/knowledge_extraction/greater_than_10_pages/cleaned_section_files/Infosys_01072025210240_Form20F_July012025_1__1_/group_037.md | data/nse_files_final/knowledge_extraction/greater_than_10_pages/cleaned_section_files/Infosys_23042026170027_outcome/group_030.md,"Yes. Infosys disclosed contingent liabilities for claims against the Company not acknowledged as debts of ₹1,944 crore as at March 31, 2026, including India income tax matters of ₹1,326 crore. It also disclosed that the US DOJ was investigating how the Company classified certain H-1B visa-recipient employees in immigration documents, and that the outcome could not yet be predicted.",1.0000,0.7576,1.0000,0.5000,Success,
39,"What major acquisitions did Infosys announce during FY2026, and how were they structured?",NSE >10,Infosys_23042026170027_outcome/group_016.md,"During the year ended March 31, 2026, Infosys completed two major acquisitions:

1. **MRE Consulting Ltd.**: 
   - Acquired on April 30, 2025.
   - Type: 100% partnership interests/voting interests.
   - Purpose: Expected to bring newer capabilities for the Group in trading and risk management, especially in the energy sector.
   - Purchase price allocated: ₹813 crore (includes upfront cash consideration of ₹743 crore and contingent consideration with an estimated fair value of ₹70 crore).

2. **The Missing Link Security Pty. Ltd.** (including The Missing Link Security Limited and The Missing Link Automation Pty. Ltd.):
   - Acquired on April 30, 2025.
   - Type: 100% partnership interests/voting interests.
   - Purpose: Expected to strengthen the Group's capabilities in the cybersecurity sector and bolster its presence in the fast-growing Australian market.
   - Purchase price allocated: Included in the total purchase price of ₹813 crore from the above acquisition, as it was part of the same transaction structure.

The structure of the acquisitions involved determining the fair values of the assets acquired and liabilities assumed, with specific allocations made to intangible assets and goodwill. The total purchase consideration was primarily in cash and included contingent consideration based on financial performance targets.",data/nse_files_final/knowledge_extraction/greater_than_10_pages/cleaned_section_files/Infosys_23042026170027_outcome/group_006.md | data/nse_files_final/knowledge_extraction/greater_than_10_pages/cleaned_section_files/INFY_15062026210015_Form20F_June152026/group_007.md | data/nse_files_final/knowledge_extraction/greater_than_10_pages/cleaned_section_files/Infosys_29052026202126_Infosys_Integrated_Annual_Report_2025-26/group_062.md,"Infosys announced three major acquisition agreements during FY2026:

- Infosys Singapore Pte. Ltd. agreed to acquire 75% of the equity share capital of Telstra Purple Pty Ltd and some subsidiaries, together known as Versent Group, for consideration including earn-outs and deferred consideration of up to AUD 233 million, excluding retention bonus and management incentives, subject to regulatory approvals and customary closing adjustments.
- Infosys Nova Holdings LLC agreed to acquire 100% of the equity share capital of Optimum Achieve Holdings Inc., including Optimum Healthcare IT, LLC and other subsidiaries, for consideration including earn-outs of up to $465 million, excluding management incentives and retention bonus, subject to customary closing adjustments.
- Infosys Nova Holdings LLC agreed to acquire 100% of the partnership interests of Stratus Global LLC for consideration including earn-outs of up to $95 million, excluding management incentives and retention bonus, subject to customary closing adjustments. This acquisition was completed in April 2026, after the reporting period.",1.0000,0.8700,0.5833,0.2500,Success,
40,How did revenue and profit evolve during the first nine months of FY2026?,NSE >10,Infosys_14012026160405_BM_Outcome_January142026/group_033.md,"For the nine months ended December 31, 2025, the Group reported the following financial performance:

- **Revenue:** ₹132,248 crore, which represents an increase of 8.3% compared to ₹122,064 crore in the nine months ended December 31, 2024.
- **Identifiable operating expenses:** ₹77,043 crore, an increase from ₹71,328 crore in the previous period.
- **Segment profit:** ₹31,278 crore, up from ₹29,361 crore in the previous period.
- **Unallocable expenses:** ₹4,767 crore for 2025, compared to ₹3,512 crore in 2024.
- **Operating profit:** ₹26,511 crore, an increase from ₹25,849 crore in the previous period.
- **Profit before income taxes:** ₹29,199 crore for 2025, compared to ₹27,945 crore for 2024.
- **Income tax expense:** ₹8,234 crore, slightly higher than ₹8,233 crore in the previous period.
- **Net profit:** ₹20,965 crore, up from ₹19,712 crore in 2024.
- **Basic EPS:** ₹50.64 compared to ₹47.52 in the previous period, reflecting a 6.6% growth.

Overall, there was a positive trend in revenue and profit growth for the first nine months of FY2026 compared to the same period in FY2025.",data/infosys_earning_calls_press_conf_fact_sheets_results/infosys_ir_earning_calls_clean_markdowns/FY26-Q1-fact-sheet.md | data/infosys_earning_calls_press_conf_fact_sheets_results/infosys_ir_earning_calls_clean_markdowns/FY26-Q3-fact-sheet.md | data/nse_files_final/knowledge_extraction/greater_than_10_pages/cleaned_section_files/Infosys_14012026160405_BM_Outcome_January142026/group_024.md,NOT_FOUND,1.0000,0.5774,0.0000,nan,Success,
41,"What were the key financial highlights of Infosys' Q1 FY26 results, including revenue growth and operating margin?",IR,FY26-Q1-ifrs-inr-press-release.md,"The key financial highlights of Infosys' Q1 FY26 results are as follows:

- Revenues were $4,941 million, reflecting year-on-year growth of 3.8% and sequential growth of 2.6% in constant currency.
- The operating margin was 20.8%, a decline of 0.3% year-on-year and decline of 0.2% quarter-on-quarter.
- Free cash flow generation was strong at $884 million, which is 109.3% of net profit.
- The total contract value (TCV) of large deal wins was $3.8 billion, with 55% being net new.",data/nse_files_final/knowledge_extraction/greater_than_10_pages/cleaned_section_files/Infosys_23042026170027_outcome/group_006.md | data/nse_files_final/knowledge_extraction/greater_than_10_pages/cleaned_section_files/Infosys_23072025153626_Outcome23072025/group_003.md | data/nse_files_final/knowledge_extraction/greater_than_10_pages/cleaned_section_files/Infosys_23072025153626_Outcome23072025/group_004.md,"Infosys’ Q1 FY26 revenue was $4,941 million, with year-on-year growth of 3.8% and sequential growth of 2.6% in constant currency. Reported revenues were ₹42,279 crore, up 7.5% YoY. Operating margin was 20.8%, down 0.3% YoY and 0.2% QoQ. Basic EPS rose 8.6% YoY to ₹16.70, and free cash flow was ₹7,533 crore, representing 108.8% of net profit.",1.0000,0.9098,1.0000,1.0000,Success,
42,What revenue growth and operating margin guidance has Infosys provided for FY26?,IR,FY26-Q1-ifrs-inr-press-release.md,Infosys has provided revenue growth guidance of 1.5%-3.5% and operating margin guidance of 20%-22% for FY26.,data/nse_files_final/knowledge_extraction/greater_than_10_pages/cleaned_section_files/Infosys_23042026170027_outcome/group_006.md | data/nse_files_final/knowledge_extraction/greater_than_10_pages/cleaned_section_files/Infosys_23072025153626_Outcome23072025/group_003.md | data/nse_files_final/knowledge_extraction/greater_than_10_pages/cleaned_section_files/Infosys_23072025153626_Outcome23072025/group_004.md,Infosys guided FY26 revenue growth at 1%-3% in constant currency and retained operating margin guidance at 20%-22%.,0.5000,0.9563,1.0000,1.0000,Success,
43,"What were the biggest large-deal wins in Q1 FY26, and what was their total contract value (TCV)?",IR,FY26-Q1-earningscall.md,"The biggest large-deal wins in Q1 FY26 had a total contract value (TCV) of $3.8 billion, with 55% net new.",data/nse_files_final/knowledge_extraction/greater_than_10_pages/cleaned_section_files/Infosys_23072025153626_Outcome23072025/group_003.md | data/nse_files_final/knowledge_extraction/greater_than_10_pages/cleaned_section_files/Infosys_23072025153626_Outcome23072025/group_004.md | data/nse_files_final/knowledge_extraction/greater_than_10_pages/cleaned_section_files/Infosys_23042026170027_outcome/group_006.md,"Infosys signed 28 large deals in Q1 FY26 with total TCV of $3.8 billion, including 55% net new. The biggest wins included multiple vendor consolidation deals with combined TCV of over $1 billion, including a mega deal with one of the largest global banks.",1.0000,0.9205,1.0000,0.5000,Success,
44,Why does Infosys expect the second half of FY26 to be weaker than the first half?,IR,FY26-Q1-earningscall.md,I could not find this information in the provided documents.,data/nse_files_final/knowledge_extraction/greater_than_10_pages/cleaned_section_files/Infosys_23042026170027_outcome/group_006.md | data/nse_files_final/knowledge_extraction/greater_than_10_pages/cleaned_section_files/Infosys_23072025153626_Outcome23072025/group_003.md | data/nse_files_final/knowledge_extraction/greater_than_10_pages/cleaned_section_files/Infosys_28072025173504_SEfiling_Earningscalltranscript_28072025/group_002.md,"Infosys expects H2 FY26 to be weaker than H1 mainly because Q1 and Q2 are seasonally the strongest part of its year, and Q1 performance was already strong. Management said the demand environment had not significantly improved, with tariff uncertainty, geopolitical uncertainty, cautious client behavior, delayed decision-making, and weak discretionary spending still continuing.",0.0000,0.0000,1.0000,1.0000,Success,
45,"How is Infosys using Enterprise AI and AI agents across different industries, according to management?",IR,FY26-Q1-earningscall.md,I could not find this information in the provided documents.,data/nse_files_final/whole_document_cleaning/equal_or_less_than_10_pages/Infosys_06112025152733_PR_06112025.md | data/nse_files_final/knowledge_extraction/greater_than_10_pages/cleaned_section_files/INFY_30052026200807_SE_Integrated_Annual_Report_2025-26/group_003.md | data/nse_files_final/whole_document_cleaning/equal_or_less_than_10_pages/Infosys_17022026175524_PR_17022026_2.md,"Infosys said enterprise AI is a key growth driver, with strong demand for AI agents. It has built 300 agents across business operations and IT, including horizontal and vertical agents that help clients make faster decisions, improve customer experience, and raise operational efficiency.

Examples by industry include:
- Oil and gas: AI agents enhance refinery production quality, orchestrate dynamic pricing in retail stores, and automate contract management for trading.
- Manufacturing: AI agents improve supply-chain productivity and cost efficiency, and help resolve malfunctioning-equipment issues.
- Logistics: AI agents transform customer care, operations, logistics, finance, and accounting.
- Retail: physical AI, intelligent automation, and edge-based computer vision create a frictionless, data-driven in-store shopping experience.
- Financial services: Enterprise AI with a fine-tuned large language model translates code and automates documentation, increasing developer productivity by 25% and automating 50% of business requirement creation and modernization support. Management also cited agentic AI use in KYC, onboarding, and portfolio management, and said Infosys is the preferred AI partner for 10 of its top 20 Financial Services clients.",0.0000,0.0000,1.0000,1.0000,Success,
46,"What is ICICI Direct's investment rating and target price for Infosys, and what is the rationale behind it?",Trendlyne,idirect_infosys_q4fy26.md,"ICICI Direct's investment rating for Infosys is **HOLD**, with a target price of ₹1,330. The rationale behind this rating includes a weak outlook reflecting ongoing demand uncertainty, despite the company reporting robust deal wins and maintaining EBIT margins. The weak deal conversion and muted growth outlook, along with persistent weaknesses in discretionary-heavy verticals and rising competitive intensity, contribute to this conservative guidance. Additionally, although margins are expected to remain resilient due to cost controls, they are likely to remain range-bound rather than structurally expanding, limiting upward potential.",data/trendlyne/clean-mds/idirect_infosys_q4fy26.md | data/trendlyne/clean-mds/SP20263004173805143Infosys.md | data/yfinance/clean-mds/Infosys (NSEI_INFY) Stock Sees Modest Fair Value Cut As AI Hopes Meet Choppy Demand.md,"ICICI Direct maintains a HOLD rating on Infosys with a target price of ₹1,330, valuing it at 17x P/E on FY28E EPS. The rationale is conservative FY27 guidance and a weak outlook due to demand uncertainty, weak deal conversion, slower ramp-ups, muted organic growth, pressure in discretionary-heavy verticals, flattish volumes, and rising competitive intensity. Margins are resilient but likely range-bound, supported by cost controls rather than volume-led growth, while wage hikes, acquisition amortisation, AI investments, and reinvestment needs cap upside.",0.9167,0.8934,1.0000,1.0000,Success,
47,"What are Infosys' FY27 and FY28 revenue, earnings, and margin projections according to ICICI Direct?",Trendlyne,idirect_infosys_q4fy26.md,I could not find this information in the provided documents.,data/nse_files_final/knowledge_extraction/greater_than_10_pages/cleaned_section_files/Infosys_23042026170027_outcome/group_006.md | data/nse_files_final/knowledge_extraction/greater_than_10_pages/cleaned_section_files/Infosys_23042026170027_outcome/group_007.md | data/nse_files_final/knowledge_extraction/greater_than_10_pages/cleaned_section_files/Infosys_23072025153626_Outcome23072025/group_003.md,"FY27E: Revenue ₹1,90,372 crore; EBIT ₹39,026 crore; PAT ₹30,449 crore; diluted EPS ₹75.3; EBIT margin 20.5%.

FY28E: Revenue ₹1,98,581 crore; EBIT ₹40,610 crore; PAT ₹31,565 crore; diluted EPS ₹78.0; EBIT margin 20.5%.",1.0000,0.0000,1.0000,0.5000,Success,
48,Which business segments and geographies were the key growth drivers for Infosys in Q4 FY26?,Trendlyne,Info-RR-24042026-24-April-2026-1656297533.md,I could not find this information in the provided documents.,data/nse_files_final/knowledge_extraction/greater_than_10_pages/cleaned_section_files/Infosys_23042026170027_outcome/group_006.md | data/nse_files_final/knowledge_extraction/greater_than_10_pages/cleaned_section_files/Infosys_23072025153626_Outcome23072025/group_003.md | data/nse_files_final/knowledge_extraction/greater_than_10_pages/cleaned_section_files/Infosys_23072025153626_Outcome23072025/group_004.md,"Q4 FY26 growth was led by Europe and ROW among geographies, with YoY constant-currency growth of 11.3% and 10.2%, respectively. By vertical, the strongest YoY growth came from Life Sciences at 14.4%, Communications at 12.9%, Others at 10.7%, Energy, Utilities, Resources and Services at 8.2%, and Manufacturing at 6.6%.",0.5000,0.0000,1.0000,0.0000,Success,
49,What are the key risks identified by analysts that could affect Infosys' future performance?,Trendlyne,idirect_infosys_q4fy26.md,I could not find this information in the provided documents.,data/nse_files_final/knowledge_extraction/greater_than_10_pages/cleaned_section_files/INFY_30052026200807_SE_Integrated_Annual_Report_2025-26/group_025.md | data/nse_files_final/knowledge_extraction/greater_than_10_pages/cleaned_section_files/INFY_30052026201240_SE_Integrated_Annual_Report_2025-26/group_025.md | data/nse_files_final/knowledge_extraction/greater_than_10_pages/cleaned_section_files/Infosys_29052026201312_Infosys_Integrated_Annual_Report_2025-26/group_025.md,"The key risks are prolonged macroeconomic uncertainty with weakness in discretionary spending, and higher-than-expected volume-led revenue growth.",0.0000,0.0000,1.0000,0.5000,Success,
50,"According to Goldman Sachs, why could the current AI-driven earnings boom become harder to sustain?",Yahoo Finance,Goldman Warns AI Earnings Surprise Wave May Fade Despite 22_ Growth Forecast.md,"Goldman Sachs cautioned that the AI-fueled earnings surprise cycle may be difficult to repeat because the bar for this earnings season is already high, even though companies are likely to beat expectations. This suggests that the market may require stronger forward-looking signals before pricing in another major rally, as the large AI capex-linked earnings surprise wave appears to be closer to its end.",data/yfinance/clean-mds/Goldman Warns AI Earnings Surprise Wave May Fade Despite 22_ Growth Forecast.md | data/infosys_earning_calls_press_conf_fact_sheets_results/infosys_ir_earning_calls_clean_markdowns/FY26-Q32-earningscall.md | data/yfinance/clean-mds/Infosys (NSEI_INFY) Stock Sees Modest Fair Value Cut As AI Hopes Meet Choppy Demand.md,"The AI-driven earnings boom could become harder to sustain because the bar for earnings is already high, investors may focus more on outlooks and management commentary than headline beats, and the large AI capex-linked earnings surprise wave appears closer to its end. Goldman also expects investors to become more selective about which companies can turn AI spending into earnings growth.",1.0000,0.7472,1.0000,1.0000,Success,
