id,question,source_category,source_document,reference_answer
1,What strategic benefits does the Sentara partnership bring to Infosys in the healthcare sector?,NSE <=10,Infosys_24062026172502_PR_24062026.md,"The Sentara partnership helps Infosys strengthen its healthcare AI position by applying its AI-first consulting and technology services to a major not-for-profit health system. It enables Infosys to demonstrate scalable enterprise AI adoption in healthcare through Infosys Topaz Fabric, spanning architecture, governance, AI-first delivery models, IT, hospital operations, clinical support, care management, employee productivity, and digital front-office experiences. The collaboration also supports Infosys’ goal of delivering measurable clinical, operational, and digital value through responsible AI adoption at scale."
2,How is Infosys using Topaz Fabric to accelerate AI adoption for enterprise customers?,NSE <=10,Infosys_24062026172502_PR_24062026.md,"Infosys is using Topaz Fabric as a purpose-built agentic services suite to unify infrastructure, models, data, applications, and workflows into a composable, agent-ready ecosystem. For enterprise customers such as Sentara, it supports AI strategy and road-mapping, reference architectures, AI-first SDLC modernization, governance for scaling, responsible AI design, enterprise guardrails, and operational readiness. This helps move AI from experimentation to production, prioritize high-value use cases, scale successful pilots, and embed AI across core hospital, enterprise, business operations, and IT workflows."
3,What impact is the acquisition of Optimum Healthcare IT expected to have on Infosys' healthcare business?,NSE <=10,Infosys_05052026084802_PR_05052026.md,"The acquisition is expected to strengthen Infosys’ healthcare capabilities, significantly enhance its presence in the provider segment, add new clients and relationships, expand technology capabilities, and create synergies across new buying centers. By combining Optimum’s provider expertise with Infosys Topaz and Infosys Cobalt, Infosys aims to accelerate end-to-end cloud, data, and digital transformation for healthcare providers at scale."
4,What ERP transformation work is Infosys carrying out for IHH Healthcare?,NSE <=10,Infosys_11062026115315_PR_11062026.md,"Infosys is carrying out a multi-year, enterprise-wide, AI-powered ERP transformation for IHH Healthcare. The work includes standardizing and harmonizing business processes across IHH’s markets, starting with Hong Kong, Malaysia, and Singapore; consolidating legacy, siloed ERP systems; and integrating finance, procurement, supply chain, human capital management, and enterprise performance management. Powered by Infosys Topaz, the program is intended to embed AI into core workflows, improve real-time data visibility and decision intelligence, streamline operations, increase agility and scalability, optimize costs, and strengthen regulatory compliance."
5,Why was Infosys recognized as a Leader in Everest Group's Adobe Services PEAK Matrix assessment?,NSE <=10,Infosys_10032026130708_PR_10032026.md,"Infosys was recognized as a Leader and Star Performer for its remarkable growth, delivery excellence, and client impact in the global Adobe services ecosystem. It demonstrated robust market adoption, visible growth in Adobe services revenue, expanded client traction across North America and Europe, and the ability to deliver large-scale, complex, end-to-end Adobe programs supported by advisory depth, global delivery networks, certified talent pools, and broad product specializations. Its AI-amplified marketing suite, Infosys Aster, was also highlighted for excellence in capability, innovation, and client impact."
6,What services will Infosys provide under its expanded partnership with GlobalFoundries?,NSE <=10,Infosys_23062026172706_PR_23062026.md,"Infosys will deliver AI-led managed services across GlobalFoundries’ enterprise IT landscape, managing end-to-end application, infrastructure, data, and service desk operations."
7,How is Infosys helping DNB modernize its financial crime management platform?,NSE <=10,Infosys_02062026152845_PR_02062026_2.md,"Infosys is helping DNB modernize its financial crime management platform by transforming fragmented legacy systems into a unified, intelligence-driven, cloud-native platform using NICE Actimize X-Sight Enterprise. As systems integration partner, Infosys will lead enterprise architecture design, platform integration, and data migration, consolidating customer and payment screening, customer due diligence, transaction monitoring, fraud monitoring, and enterprise case management onto a single scalable SaaS platform. The modernization is intended to improve risk insights, detection accuracy, multi-jurisdiction regulatory compliance, automation, investigations, and response time to regulatory demands."
8,"What exactly is Infosys Topaz Fabric, and what business problems is it designed to solve?",NSE <=10,Infosys_03112025145757_PR_03112025.md,"Infosys Topaz Fabric is a layered, composable, open, and interoperable stack of data infrastructure, models, agents, flows, and AI apps for enterprise IT service delivery. It provides integrated and modular services-as-software through a one-shop model, with 50+ purpose-built IT operations agents and out-of-the-box integration with 9 enterprise platforms.

It is designed to help enterprises unify and accelerate IT service delivery, reimagine IT processes, build on existing IT investments, avoid vendor lock-ins, and accelerate value from enterprise AI transformation programs. It supports IT operations, transformation services, quality engineering, and cybersecurity, using AI agents with humans in the loop to automate or eliminate tasks, augment human work, improve speed and accuracy, strengthen resilience, increase automation for application and infrastructure support, and improve user experience."
9,"What was the issue behind the DGGI GST notice received by Infosys, and how did the company respond?",NSE <=10,Infosys_09102025105512_SE_filing_Reg_30_09102025.md,"DGGI alleged that services provided by Infosys’s overseas branches were not exports of services, making the company’s GST refund claim allegedly erroneous. The show cause notice was for Rs 414.88 crore, excluding interest and penalties.

Infosys said it had provided relevant information, met DGGI officials, sought additional documents and time after the pre-show cause notice, and later filed a writ petition in the Karnataka High Court on 19 September 2025 challenging the legitimacy of the show cause notice. It also stated that there was no tax demand against the company as of the statement date and reiterated its GST compliance."
10,What new capabilities does the Living Labs center in Hubballi add to Infosys' delivery network?,NSE <=10,Infosys_06082025145458_PR_06082025.md,"It adds advanced digital delivery capabilities in AI, cloud computing, cybersecurity, engineering services, SAP, and space technology, with an AI-first Living Labs setup to help global clients accelerate innovation, future-proof their businesses, and transform industries across manufacturing, financial services, retail, and healthcare."
11,How does Infosys describe its AI strategy and its transition from AI experimentation to enterprise-scale AI adoption?,NSE >10,INFY_30052026201240_SE_Integrated_Annual_Report_2025-26/group_001.md,"Infosys describes its AI strategy as an AI-first approach focused on moving enterprises from pilots and possibilities to measurable business outcomes at scale. It says AI must become the “operating substrate” of the enterprise, shaping decisions, workflows, customer trust, and regulatory confidence.

Its strategy centers on the Infosys AI First Value Framework, powered by Infosys Topaz, its generative and agentic AI suite, and Infosys Topaz Fabric, its agentic services suite. Infosys says enterprise-scale AI adoption requires trusted data, reimagined core processes, domain-aware agents working with people, AI-led modernization of legacy systems, edge intelligence and digital twins, and responsible, secure, ethical AI aligned with regulation.

Infosys says it is collaborating with 90% of its top 200 clients on AI journeys, has more than 4,600 AI projects underway, and has developed over 30 new service offerings across six value pools. It positions its role as helping enterprises unlock AI value measurably, responsibly, and at scale, rather than merely deploying technology."
12,"What business outcomes did Infosys deliver for clients like Liberty Global, Hertz, Microsoft, and Mondelēz using AI?",NSE >10,INFY_30052026201240_SE_Integrated_Annual_Report_2025-26/group_001.md,"Infosys delivered measurable AI-led outcomes across these clients:

- Liberty Global: supported more than 1,000 platform deliveries, enabled AI solutions for around 8 million TV customers, improved self-service and customer care, reduced outages by 50% year on year, and reduced impacted customers by 60%.
- Hertz: analyzed nearly three million lines of legacy COBOL code, accelerated modernization timelines by 60%, reduced technical debt and hosting costs, improved platform agility, scalability, and resilience, and created a scalable foundation for further modernization and automation.
- Microsoft: improved critical incident response times by 33%, reduced engagement time from 15 minutes to under 10 minutes, cut root cause analysis turnaround by 40% from five days to one day, improved workload resiliency through proactive AI insights, and achieved top-box ratings for over 90% of critical cases.
- Mondelēz International: implemented enterprise-wide traceability at scale, connecting more than 50 suppliers, capturing over 0.5 million events per day, integrating more than 220 plants and distribution centers, mapping more than 150 raw-to-finished-goods processes, accelerating FSMA compliance reporting, and strengthening food safety readiness, compliance reliability, and customer trust."
13,"What are the six capitals used by Infosys in its Integrated Annual Report, and why are they important?",NSE >10,INFY_30052026201240_SE_Integrated_Annual_Report_2025-26/group_001.md,"Infosys uses six capitals: Financial Capital, Natural Capital, Human Capital, Manufactured Capital, Intellectual Capital, and Social and Relationship Capital.

They are important because they provide a holistic view of how Infosys creates and preserves short-, medium-, and long-term value. They are inter-dependent and mutually beneficial, creating synergy across the organization, while Infosys’ strategy, ESG vision, and ambitions channel inputs through these capitals into impactful outputs and outcomes for stakeholders."
14,"What are the biggest AI-related risks identified by Infosys, and how does the company plan to mitigate them?",NSE >10,Infosys_29052026201312_Infosys_Integrated_Annual_Report_2025-26/group_026.md,"Infosys identifies the biggest AI-related risk as failure to transform existing services using AI and/or scale new AI-first service offerings to meet evolving customer needs. This could reduce win rates, market share, revenue, and profits.

Infosys plans to mitigate this by:
- Differentiating services through constant innovation and AI-led industry solutions.
- Continuing investments to identify, incubate, develop, and launch innovative AI-first offerings.
- Implementing proactive measures to identify and mitigate operational issues.
- Implementing an AI talent transformation strategy to build an ambidextrous organization.
- Building deep AI engineering expertise."
15,How could Global Capability Centers (GCCs) affect Infosys' future growth and profitability?,NSE >10,Infosys_29052026201312_Infosys_Integrated_Annual_Report_2025-26/group_026.md,"GCCs could reduce Infosys’ future addressable market share if customers insource work or establish or expand their own Global Capability Centers for services Infosys provides. This could negatively affect Infosys’ overall growth and profitability. Infosys sees mitigation and opportunity through collaboration, co-creation, scaling a GCC practice for models such as assisted GCC build, build-operate-transfer, and captive carveouts, and using an AI-first model to transform GCCs into innovation hubs."
16,What cybersecurity and data privacy risks does Infosys highlight in its annual report?,NSE >10,Infosys_29052026201312_Infosys_Integrated_Annual_Report_2025-26/group_026.md,"Infosys highlights the risk that rapidly evolving cyber threats may outpace its threat detection and prevention measures, including new, modified, or evolving threats to its solutions and product offerings. Cyber attacks that breach its information network, or failure to protect stakeholders’ sensitive and confidential information in line with laws and contractual obligations, could adversely affect operations and client satisfaction and lead to significant regulatory penalties.

For data protection and privacy, Infosys highlights the risk that failure to protect stakeholders’ personal and sensitive information in accordance with applicable laws may affect operations or result in significant regulatory penalties."
17,What did Infosys report about client demand for AI advisory and AI transformation services?,NSE >10,Infosys_29052026201312_Infosys_Integrated_Annual_Report_2025-26/group_006.md,"Infosys reported that clients increasingly recognize proactive AI, automation, and strategic technology advisory as value drivers. Clients expect forward-looking, business-led AI advisory to help evolve AI roadmaps, identify high-value use cases, and deliver scalable business outcomes, and Infosys is viewed positively in this context."
18,What were the major financial highlights of Infosys for FY2026?,NSE >10,Infosys_29052026201312_Infosys_Integrated_Annual_Report_2025-26/group_006.md,"For FY2026, Infosys reported consolidated revenue from operations of ₹1,78,650 crore, up 9.6% YoY, and standalone revenue of ₹1,48,819 crore, up 9.0% YoY. Consolidated profit after tax was ₹29,474 crore, up 10.2%, while standalone profit after tax was ₹29,211 crore, up 14.2%. Consolidated basic EPS was ₹71.58, up 11.0%, and diluted EPS was ₹71.46, up 11.1%.

As of March 31, 2026, Infosys had consolidated total assets of ₹1,55,967 crore and total equity of ₹93,297 crore. Working capital stood at ₹40,794 crore on a standalone basis and ₹51,167 crore on a consolidated basis. Cash and investments were ₹28,662 crore standalone and ₹43,075 crore consolidated. The company remained debt-free.

Infosys completed a buyback of 10 crore equity shares at ₹1,800 per share, with a cash outflow of ₹18,000 crore excluding transaction costs. It paid an interim dividend of ₹23 per share and announced a final dividend of ₹25 per share, taking total FY2026 dividend to ₹48 per share. Including dividends and buyback, the payout ratio was 113.9%."
19,"What dividend did Infosys declare for FY2026, and what capital allocation approach does it follow?",NSE >10,Infosys_29052026201312_Infosys_Integrated_Annual_Report_2025-26/group_006.md,"Infosys declared an interim dividend of ₹23 per equity share and announced a final dividend of ₹25 per share for FY2026, totaling ₹48 per share.

Its capital allocation policy is to return approximately 85% of free cash flow cumulatively over a five-year period through semi-annual dividends and/or share buybacks or special dividends, while progressively increasing annual dividend per share excluding any special dividend."
20,What are the four pillars of Infosys' long-term corporate strategy?,NSE >10,Infosys_01072025210240_Form20F_July012025_1__1_/group_008.md,"The four pillars of Infosys' long-term corporate strategy are: Scale Agile Digital, Energize the Core, Reskill our People, and Expand Localization."
21,How does Infosys define its AI-first strategy and Responsible AI framework?,NSE >10,Infosys_01072025210240_Form20F_July012025_1__1_/group_008.md,"Infosys defines its AI-first strategy as helping clients ideate, plan, and execute their journey to an AI future by building strong data foundations with robust cloud capabilities. It says it is reimagining itself as an AI-first organization and uses AI across digital transformation, enterprise AI adoption, automation, cloud, application development, and industry-specific solutions.

Its Responsible AI framework focuses on safeguards around privacy, ethics, and controls. Infosys says it is evangelizing Responsible AI practices within the Group and across the industry, and it has implemented an Artificial Intelligence Management System framework aligned with ISO 42001:2023 to support Responsible AI practices, regulatory adherence, efficiency, and accountability."
22,What consulting and digital transformation capabilities does Infosys consider its key strengths?,NSE >10,Infosys_01072025210240_Form20F_July012025_1__1_/group_008.md,"Infosys identifies its key strengths as end-to-end consulting and digital transformation capabilities, including enterprise AI solutions, digital platforms such as SAP, Oracle, and Salesforce, technology transformation, and workforce transformation. It also highlights strengths in cloud advisory and cloud adoption, data and analytics, AI and automation, product engineering, cybersecurity, human experience, digital design and experience, application development, quality engineering, infrastructure management, enterprise application implementation, support and integration services, and business process management."
23,What is Infosys' capital allocation policy beginning FY2025?,NSE >10,INFY_15062026210015_Form20F_June152026/group_021.md,"Beginning FY2025, Infosys expects to return approximately 85% of free cash flow cumulatively over a five-year period through semi-annual dividends and/or share buybacks/special dividends, subject to applicable laws and required approvals. Under this policy, Infosys expects to progressively increase its annual dividend per share, excluding any special dividend."
24,What were the key details of Infosys' 2025 share buyback?,NSE >10,INFY_15062026210015_Form20F_June152026/group_021.md,"Infosys’ 2025 share buyback was approved by the Board on September 11, 2025, under its capital allocation policy. It was a tender offer through Indian stock exchanges for up to ₹18,000 crore at a price not exceeding ₹1,800 per share, subject to shareholder approval.

Shareholders approved it by postal ballot e-voting, with results declared on November 4, 2025. The offer was open to all equity shareholders except ADS holders. The tendering period began on November 20, 2025, and was completed on November 26, 2025.

Infosys purchased and extinguished 100,000,000 equity shares, representing 2.41% of its pre-buyback paid-up equity share capital. The buyback resulted in a cash outflow of ₹18,000 crore, approximately $2,000 million, excluding transaction costs and buyback tax. It was funded from free reserves, including securities premium. As of March 31, 2026, Infosys created a Capital Redemption Reserve of ₹50 crore, approximately $6 million, equal to the nominal value of the shares bought back."
25,Where are Infosys equity shares and ADRs listed?,NSE >10,INFY_15062026210015_Form20F_June152026/group_021.md,Infosys equity shares are traded in India on the BSE and NSE. Its ADSs/ADRs are listed on the New York Stock Exchange under the ticker symbol “INFY.”
26,"How many employees did Infosys have at the end of FY2026, and what does the workforce composition look like?",NSE >10,Infosys_29052026202126_Infosys_Integrated_Annual_Report_2025-26/group_028.md,"At the end of FY2026, Infosys had 3,52,095 total employees: 3,28,594 permanent employees and 23,501 other-than-permanent employees. The workforce was 61.9% male and 38.1% female, with 2,17,818 male employees and 1,34,277 female employees. Permanent employees were 60.5% male and 39.5% female, while other-than-permanent employees were 80.2% male and 19.8% female. Infosys also reported 1,075 differently-abled employees, comprising 803 male employees and 272 female employees."
27,What percentage of Infosys' revenue comes from exports?,NSE >10,Infosys_29052026201312_Infosys_Integrated_Annual_Report_2025-26/group_028.md,97.40% of Infosys’ total turnover comes from exports.
28,What employee turnover trends has Infosys reported over the past three years?,NSE >10,Infosys_29052026202126_Infosys_Integrated_Annual_Report_2025-26/group_028.md,"Infosys reported permanent employee turnover of 12.6% in fiscal 2026, down from 14.1% in fiscal 2025 and the same as 12.6% in fiscal 2024. Male turnover was 13.2% in fiscal 2026, 14.5% in fiscal 2025, and 12.6% in fiscal 2024. Female turnover was 11.6% in fiscal 2026, 13.6% in fiscal 2025, and 12.5% in fiscal 2024."
29,What grievance redressal and employee well-being mechanisms does Infosys provide?,NSE >10,Infosys_29052026202126_Infosys_Integrated_Annual_Report_2025-26/group_017.md,"Infosys provides grievance redressal through resolution hubs under an open-door policy, with forums where employees can raise workplace concerns. These hubs follow natural justice, confidentiality, sensitivity, non-retaliation and fairness, using investigations, timely action, closure, and opportunities for parties to present facts and evidence.

Key mechanisms include HEAR, an independent employee grievance resolution forum for workplace grievances unresolved at the Unit HR or Manager level. HEAR provides multiple layers of redressal with an appeal mechanism, neutral panel reviews, decentralized presence across businesses, units, geographies and affiliates, and review of anonymous concerns with the Whistleblower Office.

Infosys also provides ASHI, its enterprise-wide Anti Sexual Harassment Initiative, to prevent, prohibit and redress workplace sexual harassment. ASHI is gender-neutral, employee-centric and globally consistent, with zero tolerance for harassment and non-retaliation for those raising concerns. It uses a Grievance Redressal Body, an Internal Complaints Committee framework, Internal Committees where required under POSH, multiple safe reporting channels, awareness and enablement, monitoring and analytics. Employees can report through the ASHI web application, the InfyMe app, or by writing to GRB.

Other mechanisms include a Whistleblower Policy for reporting genuine concerns, including anonymous reporting, and review of workplace policy or process deviations with Employee Relations. Infosys also supports employee well-being through a positive, equal opportunity, discrimination- and harassment-free workplace; hybrid work flexibility; recognition and rewards; diversity, equity and inclusion; the Behavior Matters campaign promoting respect and positive behavior; and safety and conduct training for third-party personnel on its campuses."
30,What learning and upskilling programs does Infosys offer its employees?,NSE >10,Infosys_29052026202126_Infosys_Integrated_Annual_Report_2025-26/group_017.md,"Infosys offers several employee learning and upskilling programs, including:

- Foundation Training Program for newly onboarded entry-level hires, covering 40+ technology streams, with generative AI and prompt engineering courses.
- Continuous Education Program for reskilling and upskilling existing employees in next-generation digital technologies, methodologies, and gen AI technologies.
- Online self-learning, instructor-led virtual training, and in-person classroom training opportunities.
- Bridge programs that provide training and internship opportunities for employees to switch to new career fields within the organization.
- Lex, Infosys’ in-house learning platform, offering 40,000+ curated courses, including 30,000+ courses from vendor partners.
- Leadership development programs to maintain a deep and diverse internal leadership pipeline."
31,What innovations and technologies are included under Infosys Topaz Fabric?,NSE >10,Infosys_29052026202126_Infosys_Integrated_Annual_Report_2025-26/group_017.md,"Infosys Topaz Fabric includes composable and interoperable AI agents, tools, services, and models. It covers consulting, engineering, and operations capabilities, using AI-powered insights, structured frameworks, modern architectures, intelligent automation, AI-driven execution, AI-driven monitoring, real-time intelligence, self-healing capabilities, and predictive insights to optimize IT processes, automate manual tasks, and operationalize AI at enterprise scale."
32,What acquisitions and strategic investments did Infosys complete during FY2026?,NSE >10,INFY_30052026200807_SE_Integrated_Annual_Report_2025-26/group_007.md,"During FY2026, Infosys completed two business combinations, acquiring 100% interests in:

1. MRE Consulting Ltd., an Energy and business consulting services company headquartered in Texas, U.S., on April 30, 2025.
2. The Missing Link Group, a Cybersecurity services provider headquartered in Australia, on April 30, 2025."
33,"How is the Infosys Board structured, and what committees oversee corporate governance?",NSE >10,INFY_30052026200807_SE_Integrated_Annual_Report_2025-26/group_007.md,"As of March 31, 2026, the Infosys Board had nine members: one executive director, one non-executive and non-independent director, and seven independent directors. Two of the independent directors were women.

The Board had six committees overseeing governance: the Audit Committee, Corporate Social Responsibility Committee, Nomination and Remuneration Committee, Risk Management Committee, Stakeholders Relationship Committee, and Environment, Social and Governance (ESG) Committee. All committees comprised only independent directors, with one independent director chosen as chairperson. A Cybersecurity Risk Sub-Committee of the Risk Management Committee was also constituted, comprising only independent directors and chaired by one of them."
34,What are the main responsibilities of Infosys' ESG Committee?,NSE >10,INFY_30052026200807_SE_Integrated_Annual_Report_2025-26/group_020.md,"Infosys' ESG Committee is responsible for guiding and periodically refreshing the company's ESG vision and ambitions, reviewing the operation of the ESG Council, ensuring implementation of measures to advance ESG objectives, overseeing periodic ESG disclosures and communications including annual report sections, ESG reports and BRSR filings, obtaining advice from internal or external experts and advisors, and reporting periodically to the Board on reviewed matters and decisions or recommendations."
35,How much did Infosys spend on CSR activities during FY2026?,NSE >10,INFY_30052026200807_SE_Integrated_Annual_Report_2025-26/group_020.md,"Infosys spent ₹558.04 crore on various CSR projects during FY2026. It also spent ₹9.21 crore on ongoing projects from fiscals 2023, 2024, and 2025, and ₹43.03 crore outside India."
36,What environmental sustainability initiatives did Infosys undertake during FY2026?,NSE >10,INFY_30052026200807_SE_Integrated_Annual_Report_2025-26/group_035.md,"During FY2026, Infosys undertook several environmental sustainability initiatives: it remained carbon neutral across Scope 1, 2, and 3 emissions; improved energy efficiency through super-efficient buildings, smart building systems, operational optimization, and retrofits; completed lighting and air-conditioning retrofit projects that saved 2.04 lakh kWh and reduced emissions by 145 tCO2e; installed 62.42 MWp of solar PV capacity and avoided 1.24 lakh kWh; achieved 81.8% renewable electricity consumption in India operations through captive solar, power purchase agreements, and green tariff mechanisms; implemented Zero Liquid Discharge practices through in-house sewage treatment plants at 100% of owned India campuses; reused treated wastewater for irrigation, HVAC systems, and flushing; procured third-party greywater for non-potable uses; applied the 5R waste strategy of refuse, reduce, reuse, refurbish/repurpose, and recycle; kept 99% of disposed waste out of landfills; worked toward a 2030 zero-waste-to-landfill goal; and achieved TRUE Zero Waste Certification at 46% of owned campuses in India."
37,How did Infosys perform in reducing greenhouse gas emissions and improving energy efficiency?,NSE >10,INFY_30052026200807_SE_Integrated_Annual_Report_2025-26/group_035.md,"Infosys has been carbon neutral since fiscal 2020 across Scope 1, 2 and 3 emissions. In fiscal 2026, Scope 2 emissions decreased to 34,351 tCO2e from 38,586 tCO2e in fiscal 2025, while Scope 1 emissions increased to 11,483 tCO2e from 8,745 tCO2e. Total Scope 1 and 2 emissions intensity improved from 0.14 to 0.13 tCO2e per FTE and from 0.000000029 to 0.000000026 tCO2e per rupee of turnover.

Infosys improved energy efficiency through super-efficient buildings, Energy Performance Index below 65 kWh/m2-year, smart building monitoring, and retrofits. In fiscal 2026, lighting and air-conditioning retrofit projects saved 2.04 lakh kWh and reduced emissions by 145 tCO2e. Energy intensity per rupee of turnover improved from 0.000000522 in fiscal 2025 to 0.000000497 in fiscal 2026. Infosys also installed 62.42 MWp of solar PV capacity and achieved 81.8% renewable electricity consumption in its India operations."
38,Did Infosys disclose any significant tax disputes or legal proceedings during FY2026?,NSE >10,INFY_30052026201240_SE_Integrated_Annual_Report_2025-26/group_054.md,"Yes. Infosys disclosed contingent liabilities for claims against the Company not acknowledged as debts of ₹1,944 crore as at March 31, 2026, including India income tax matters of ₹1,326 crore. It also disclosed that the US DOJ was investigating how the Company classified certain H-1B visa-recipient employees in immigration documents, and that the outcome could not yet be predicted."
39,"What major acquisitions did Infosys announce during FY2026, and how were they structured?",NSE >10,Infosys_23042026170027_outcome/group_016.md,"Infosys announced three major acquisition agreements during FY2026:

- Infosys Singapore Pte. Ltd. agreed to acquire 75% of the equity share capital of Telstra Purple Pty Ltd and some subsidiaries, together known as Versent Group, for consideration including earn-outs and deferred consideration of up to AUD 233 million, excluding retention bonus and management incentives, subject to regulatory approvals and customary closing adjustments.
- Infosys Nova Holdings LLC agreed to acquire 100% of the equity share capital of Optimum Achieve Holdings Inc., including Optimum Healthcare IT, LLC and other subsidiaries, for consideration including earn-outs of up to $465 million, excluding management incentives and retention bonus, subject to customary closing adjustments.
- Infosys Nova Holdings LLC agreed to acquire 100% of the partnership interests of Stratus Global LLC for consideration including earn-outs of up to $95 million, excluding management incentives and retention bonus, subject to customary closing adjustments. This acquisition was completed in April 2026, after the reporting period."
40,How did revenue and profit evolve during the first nine months of FY2026?,NSE >10,Infosys_14012026160405_BM_Outcome_January142026/group_033.md,NOT_FOUND
41,"What were the key financial highlights of Infosys' Q1 FY26 results, including revenue growth and operating margin?",IR,FY26-Q1-ifrs-inr-press-release.md,"Infosys’ Q1 FY26 revenue was $4,941 million, with year-on-year growth of 3.8% and sequential growth of 2.6% in constant currency. Reported revenues were ₹42,279 crore, up 7.5% YoY. Operating margin was 20.8%, down 0.3% YoY and 0.2% QoQ. Basic EPS rose 8.6% YoY to ₹16.70, and free cash flow was ₹7,533 crore, representing 108.8% of net profit."
42,What revenue growth and operating margin guidance has Infosys provided for FY26?,IR,FY26-Q1-ifrs-inr-press-release.md,Infosys guided FY26 revenue growth at 1%-3% in constant currency and retained operating margin guidance at 20%-22%.
43,"What were the biggest large-deal wins in Q1 FY26, and what was their total contract value (TCV)?",IR,FY26-Q1-earningscall.md,"Infosys signed 28 large deals in Q1 FY26 with total TCV of $3.8 billion, including 55% net new. The biggest wins included multiple vendor consolidation deals with combined TCV of over $1 billion, including a mega deal with one of the largest global banks."
44,Why does Infosys expect the second half of FY26 to be weaker than the first half?,IR,FY26-Q1-earningscall.md,"Infosys expects H2 FY26 to be weaker than H1 mainly because Q1 and Q2 are seasonally the strongest part of its year, and Q1 performance was already strong. Management said the demand environment had not significantly improved, with tariff uncertainty, geopolitical uncertainty, cautious client behavior, delayed decision-making, and weak discretionary spending still continuing."
45,"How is Infosys using Enterprise AI and AI agents across different industries, according to management?",IR,FY26-Q1-earningscall.md,"Infosys said enterprise AI is a key growth driver, with strong demand for AI agents. It has built 300 agents across business operations and IT, including horizontal and vertical agents that help clients make faster decisions, improve customer experience, and raise operational efficiency.

Examples by industry include:
- Oil and gas: AI agents enhance refinery production quality, orchestrate dynamic pricing in retail stores, and automate contract management for trading.
- Manufacturing: AI agents improve supply-chain productivity and cost efficiency, and help resolve malfunctioning-equipment issues.
- Logistics: AI agents transform customer care, operations, logistics, finance, and accounting.
- Retail: physical AI, intelligent automation, and edge-based computer vision create a frictionless, data-driven in-store shopping experience.
- Financial services: Enterprise AI with a fine-tuned large language model translates code and automates documentation, increasing developer productivity by 25% and automating 50% of business requirement creation and modernization support. Management also cited agentic AI use in KYC, onboarding, and portfolio management, and said Infosys is the preferred AI partner for 10 of its top 20 Financial Services clients."
46,"What is ICICI Direct's investment rating and target price for Infosys, and what is the rationale behind it?",Trendlyne,idirect_infosys_q4fy26.md,"ICICI Direct maintains a HOLD rating on Infosys with a target price of ₹1,330, valuing it at 17x P/E on FY28E EPS. The rationale is conservative FY27 guidance and a weak outlook due to demand uncertainty, weak deal conversion, slower ramp-ups, muted organic growth, pressure in discretionary-heavy verticals, flattish volumes, and rising competitive intensity. Margins are resilient but likely range-bound, supported by cost controls rather than volume-led growth, while wage hikes, acquisition amortisation, AI investments, and reinvestment needs cap upside."
47,"What are Infosys' FY27 and FY28 revenue, earnings, and margin projections according to ICICI Direct?",Trendlyne,idirect_infosys_q4fy26.md,"FY27E: Revenue ₹1,90,372 crore; EBIT ₹39,026 crore; PAT ₹30,449 crore; diluted EPS ₹75.3; EBIT margin 20.5%.

FY28E: Revenue ₹1,98,581 crore; EBIT ₹40,610 crore; PAT ₹31,565 crore; diluted EPS ₹78.0; EBIT margin 20.5%."
48,Which business segments and geographies were the key growth drivers for Infosys in Q4 FY26?,Trendlyne,Info-RR-24042026-24-April-2026-1656297533.md,"Q4 FY26 growth was led by Europe and ROW among geographies, with YoY constant-currency growth of 11.3% and 10.2%, respectively. By vertical, the strongest YoY growth came from Life Sciences at 14.4%, Communications at 12.9%, Others at 10.7%, Energy, Utilities, Resources and Services at 8.2%, and Manufacturing at 6.6%."
49,What are the key risks identified by analysts that could affect Infosys' future performance?,Trendlyne,idirect_infosys_q4fy26.md,"The key risks are prolonged macroeconomic uncertainty with weakness in discretionary spending, and higher-than-expected volume-led revenue growth."
50,"According to Goldman Sachs, why could the current AI-driven earnings boom become harder to sustain?",Yahoo Finance,Goldman Warns AI Earnings Surprise Wave May Fade Despite 22_ Growth Forecast.md,"The AI-driven earnings boom could become harder to sustain because the bar for earnings is already high, investors may focus more on outlooks and management commentary than headline beats, and the large AI capex-linked earnings surprise wave appears closer to its end. Goldman also expects investors to become more selective about which companies can turn AI spending into earnings growth."
